ancienne_url,nouvelle_url,ville_slug,statut,impressions_3m
https://eric-couvreur.fr/,/,,KEEP,4028
https://eric-couvreur.fr/pose-de-velux-a-coudray-montceaux-91830/,/installateur-de-velux-91/,,HUB,0
https://eric-couvreur.fr/pose-de-velux-a-bondoufle-91070/,/installateur-de-velux-91/,,HUB,0
https://eric-couvreur.fr/pose-de-velux-a-roinville-91410/,/installateur-de-velux-91/,,HUB,0
https://eric-couvreur.fr/pose-de-velux-a-brouy-91150/,/installateur-de-velux-91/,,HUB,0
https://eric-couvreur.fr/pose-de-velux-a-saint-vrain-91770/,/installateur-de-velux-91/,,HUB,0
https://eric-couvreur.fr/pose-de-velux-a-sermaise-91530/,/installateur-de-velux-91/,,HUB,0
https://eric-couvreur.fr/pose-de-velux-a-saint-aubin-91190/,/installateur-de-velux-91/,,HUB,0
https://eric-couvreur.fr/pose-de-velux-a-villeneuve-sur-auvers-91580/,/installateur-de-velux-91/,,HUB,0
https://eric-couvreur.fr/pose-de-velux-a-saclay-91400/,/installateur-de-velux-91/,,HUB,0
https://eric-couvreur.fr/pose-de-velux-a-egly-91520/,/installateur-de-velux-91/,,HUB,0
https://eric-couvreur.fr/pose-de-velux-a-morigny-champigny-91150/,/installateur-de-velux-91/,,HUB,0
https://eric-couvreur.fr/pose-de-velux-a-prunay-sur-essonne-91720/,/installateur-de-velux-91/,,HUB,0
https://eric-couvreur.fr/pose-de-velux-a-saint-germain-les-corbeil-91250/,/installateur-de-velux-91/,,HUB,4
https://eric-couvreur.fr/pose-de-velux-a-buno-bonnevaux-91720/,/installateur-de-velux-91/,,HUB,0
https://eric-couvreur.fr/pose-de-velux-a-torfou-91730/,/installateur-de-velux-91/,,HUB,0
https://eric-couvreur.fr/pose-de-velux-a-fontaine-la-riviere-91690/,/installateur-de-velux-91/,,HUB,0
https://eric-couvreur.fr/pose-de-velux-a-itteville-91760/,/installateur-de-velux-91/,,HUB,0
https://eric-couvreur.fr/pose-de-velux-a-breuillet-91650/,/installateur-de-velux-91/,,HUB,0
https://eric-couvreur.fr/pose-de-velux-a-villiers-le-bacle-91190/,/installateur-de-velux-91/,,HUB,0
https://eric-couvreur.fr/pose-de-velux-a-cheptainville-91630/,/installateur-de-velux-91/,,HUB,1
https://eric-couvreur.fr/pose-de-velux-a-lardy-91510/,/installateur-de-velux-91/,,HUB,0
https://eric-couvreur.fr/pose-de-velux-a-marolles-en-hurepoix-91630/,/installateur-de-velux-91/,,HUB,0
https://eric-couvreur.fr/pose-de-velux-a-villeconin-91580/,/installateur-de-velux-91/,,HUB,0
https://eric-couvreur.fr/pose-de-velux-a-sainte-genevieve-des-bois-91700/,/couvreur-sainte-genevieve-des-bois/,sainte-genevieve-des-bois,PRIORITAIRE,367
https://eric-couvreur.fr/pose-de-velux-a-bruyeres-le-chatel-91680/,/installateur-de-velux-91/,,HUB,0
https://eric-couvreur.fr/pose-de-velux-a-savigny-sur-orge-91600/,/couvreur-savigny-sur-orge/,savigny-sur-orge,PRIORITAIRE,0
https://eric-couvreur.fr/pose-de-velux-a-saint-cyr-sous-dourdan-91410/,/installateur-de-velux-91/,,HUB,0
https://eric-couvreur.fr/pose-de-velux-a-ollainville-91290/,/installateur-de-velux-91/,,HUB,0
https://eric-couvreur.fr/pose-de-velux-a-mespuits-91150/,/installateur-de-velux-91/,,HUB,0
https://eric-couvreur.fr/pose-de-velux-a-plessis-saint-benoist-91410/,/installateur-de-velux-91/,,HUB,0
https://eric-couvreur.fr/pose-de-velux-a-courdimanche-sur-essonne-91720/,/installateur-de-velux-91/,,HUB,0
https://eric-couvreur.fr/pose-de-velux-a-courances-91490/,/installateur-de-velux-91/,,HUB,0
https://eric-couvreur.fr/pose-de-velux-a-limours-91470/,/installateur-de-velux-91/,,HUB,106
https://eric-couvreur.fr/pose-de-velux-a-molieres-91470/,/installateur-de-velux-91/,,HUB,0
https://eric-couvreur.fr/pose-de-velux-a-longjumeau-91160/,/installateur-de-velux-91/,,HUB,59
https://eric-couvreur.fr/pose-de-velux-a-saint-yon-91650/,/installateur-de-velux-91/,,HUB,0
https://eric-couvreur.fr/pose-de-velux-a-janville-sur-juine-91510/,/installateur-de-velux-91/,,HUB,1
https://eric-couvreur.fr/pose-de-velux-a-etiolles-91450/,/installateur-de-velux-91/,,HUB,0
https://eric-couvreur.fr/pose-de-velux-a-linas-91310/,/couvreur-linas/,linas,PRIORITAIRE,71
https://eric-couvreur.fr/pose-de-velux-a-saclas-91690/,/couvreur-saclas/,saclas,PRIORITAIRE,0
https://eric-couvreur.fr/pose-de-velux-a-chauffour-les-etrechy-91580/,/installateur-de-velux-91/,,HUB,3
https://eric-couvreur.fr/pose-de-velux-a-saint-jean-de-beauregard-91940/,/installateur-de-velux-91/,,HUB,0
https://eric-couvreur.fr/pose-de-velux-a-morsang-sur-orge-91390/,/couvreur-morsang-sur-orge/,morsang-sur-orge,PRIORITAIRE,0
https://eric-couvreur.fr/pose-de-velux-a-juvisy-sur-orge-91260/,/installateur-de-velux-91/,,HUB,1
https://eric-couvreur.fr/pose-de-velux-a-chalo-saint-mars-91780/,/installateur-de-velux-91/,,HUB,4
https://eric-couvreur.fr/pose-de-velux-a-vauhallan-91430/,/installateur-de-velux-91/,,HUB,0
https://eric-couvreur.fr/pose-de-velux-a-chalou-moulineux-91740/,/installateur-de-velux-91/,,HUB,0
https://eric-couvreur.fr/pose-de-velux-a-vert-le-grand-91810/,/installateur-de-velux-91/,,HUB,0
https://eric-couvreur.fr/pose-de-velux-a-montgeron-91230/,/couvreur-montgeron/,montgeron,PRIORITAIRE,96
https://eric-couvreur.fr/pose-de-velux-a-saulx-les-chartreux-91160/,/installateur-de-velux-91/,,HUB,0
https://eric-couvreur.fr/pose-de-velux-a-pecqueuse-91470/,/couvreur-pecqueuse/,pecqueuse,PRIORITAIRE,0
https://eric-couvreur.fr/pose-de-velux-a-corbreuse-91410/,/installateur-de-velux-91/,,HUB,0
https://eric-couvreur.fr/pose-de-velux-a-bretigny-sur-orge-91220/,/installateur-de-velux-91/,,HUB,61
https://eric-couvreur.fr/pose-de-velux-a-boissy-le-sec-91870/,/installateur-de-velux-91/,,HUB,0
https://eric-couvreur.fr/pose-de-velux-a-villemoisson-sur-orge-91360/,/installateur-de-velux-91/,,HUB,0
https://eric-couvreur.fr/pose-de-velux-a-saint-cheron-91530/,/installateur-de-velux-91/,,HUB,0
https://eric-couvreur.fr/pose-de-velux-a-champlan-91160/,/couvreur-champlan/,champlan,PRIORITAIRE,0
https://eric-couvreur.fr/pose-de-velux-a-roinvilliers-91150/,/installateur-de-velux-91/,,HUB,0
https://eric-couvreur.fr/pose-de-velux-a-richarville-91410/,/installateur-de-velux-91/,,HUB,0
https://eric-couvreur.fr/pose-de-velux-a-courson-monteloup-91680/,/installateur-de-velux-91/,,HUB,0
https://eric-couvreur.fr/pose-de-velux-a-congerville-thionville-91740/,/installateur-de-velux-91/,,HUB,0
https://eric-couvreur.fr/pose-de-velux-a-marcoussis-91460/,/installateur-de-velux-91/,,HUB,15
https://eric-couvreur.fr/pose-de-velux-a-boullay-les-troux-91470/,/installateur-de-velux-91/,,HUB,0
https://eric-couvreur.fr/pose-de-velux-a-foret-le-roi-91410/,/installateur-de-velux-91/,,HUB,0
https://eric-couvreur.fr/pose-de-velux-a-vaugrigneuse-91640/,/installateur-de-velux-91/,,HUB,0
https://eric-couvreur.fr/pose-de-velux-a-ulis-91940/,/installateur-de-velux-91/,,HUB,3
https://eric-couvreur.fr/pose-de-velux-a-athis-mons-91200/,/installateur-de-velux-91/,,HUB,0
https://eric-couvreur.fr/pose-de-velux-a-leuville-sur-orge-91310/,/installateur-de-velux-91/,,HUB,0
https://eric-couvreur.fr/pose-de-velux-a-soisy-sur-seine-91450/,/installateur-de-velux-91/,,HUB,0
https://eric-couvreur.fr/pose-de-velux-a-fontenay-les-briis-91640/,/installateur-de-velux-91/,,HUB,0
https://eric-couvreur.fr/pose-de-velux-a-saint-cyr-la-riviere-91690/,/installateur-de-velux-91/,,HUB,0
https://eric-couvreur.fr/pose-de-velux-a-lisses-91090/,/installateur-de-velux-91/,,HUB,0
https://eric-couvreur.fr/pose-de-velux-a-baulne-91590/,/installateur-de-velux-91/,,HUB,0
https://eric-couvreur.fr/pose-de-velux-a-briis-sous-forges-91640/,/installateur-de-velux-91/,,HUB,1
https://eric-couvreur.fr/pose-de-velux-a-nozay-91620/,/installateur-de-velux-91/,,HUB,1
https://eric-couvreur.fr/pose-de-velux-a-ormoy-la-riviere-91150/,/installateur-de-velux-91/,,HUB,0
https://eric-couvreur.fr/pose-de-velux-a-ferte-alais-91590/,/installateur-de-velux-91/,,HUB,0
https://eric-couvreur.fr/pose-de-velux-a-yerres-91330/,/installateur-de-velux-91/,,HUB,11
https://eric-couvreur.fr/pose-de-velux-a-paray-vieille-poste-91550/,/installateur-de-velux-91/,,HUB,0
https://eric-couvreur.fr/pose-de-velux-a-saint-germain-les-arpajon-91180/,/installateur-de-velux-91/,,HUB,0
https://eric-couvreur.fr/pose-de-velux-a-saint-maurice-montcouronne-91530/,/installateur-de-velux-91/,,HUB,0
https://eric-couvreur.fr/pose-de-velux-a-gif-sur-yvette-91190/,/couvreur-gif-sur-yvette/,gif-sur-yvette,PRIORITAIRE,92
https://eric-couvreur.fr/pose-de-velux-a-pussay-91740/,/installateur-de-velux-91/,,HUB,0
https://eric-couvreur.fr/pose-de-velux-a-morangis-91420/,/installateur-de-velux-91/,,HUB,43
https://eric-couvreur.fr/pose-de-velux-a-villiers-sur-orge-91700/,/installateur-de-velux-91/,,HUB,0
https://eric-couvreur.fr/pose-de-velux-a-foret-sainte-croix-91150/,/installateur-de-velux-91/,,HUB,0
https://eric-couvreur.fr/pose-de-velux-a-guibeville-91630/,/installateur-de-velux-91/,,HUB,0
https://eric-couvreur.fr/pose-de-velux-a-chilly-mazarin-91380/,/installateur-de-velux-91/,,HUB,0
https://eric-couvreur.fr/pose-de-velux-a-champmotteux-91150/,/installateur-de-velux-91/,,HUB,0
https://eric-couvreur.fr/pose-de-velux-a-bouray-sur-juine-91850/,/installateur-de-velux-91/,,HUB,0
https://eric-couvreur.fr/pose-de-velux-a-soisy-sur-ecole-91840/,/installateur-de-velux-91/,,HUB,0
https://eric-couvreur.fr/pose-de-velux-a-souzy-la-briche-91580/,/installateur-de-velux-91/,,HUB,0
https://eric-couvreur.fr/pose-de-velux-a-norville-91290/,/installateur-de-velux-91/,,HUB,0
https://eric-couvreur.fr/pose-de-velux-a-epinay-sous-senart-91860/,/installateur-de-velux-91/,,HUB,0
https://eric-couvreur.fr/pose-de-velux-a-brieres-les-scelles-91150/,/installateur-de-velux-91/,,HUB,0
https://eric-couvreur.fr/pose-de-velux-a-nainville-les-roches-91750/,/installateur-de-velux-91/,,HUB,0
https://eric-couvreur.fr/pose-de-velux-a-courcouronnes-91080/,/installateur-de-velux-91/,,HUB,0
https://eric-couvreur.fr/pose-de-velux-a-boigneville-91720/,/installateur-de-velux-91/,,HUB,0
https://eric-couvreur.fr/pose-de-velux-a-etrechy-91580/,/couvreur-etrechy/,etrechy,PRIORITAIRE,0
https://eric-couvreur.fr/pose-de-velux-a-authon-la-plaine-91410/,/installateur-de-velux-91/,,HUB,0
https://eric-couvreur.fr/pose-de-velux-a-boissy-la-riviere-91690/,/installateur-de-velux-91/,,HUB,0
https://eric-couvreur.fr/pose-de-velux-a-saintry-sur-seine-91250/,/installateur-de-velux-91/,,HUB,0
https://eric-couvreur.fr/pose-de-velux-a-montlhery-91310/,/installateur-de-velux-91/,,HUB,0
https://eric-couvreur.fr/pose-de-velux-a-fleury-merogis-91700/,/installateur-de-velux-91/,,HUB,0
https://eric-couvreur.fr/pose-de-velux-a-saint-sulpice-de-favieres-91910/,/installateur-de-velux-91/,,HUB,0
https://eric-couvreur.fr/pose-de-velux-a-varennes-jarcy-91480/,/installateur-de-velux-91/,,HUB,0
https://eric-couvreur.fr/pose-de-velux-a-videlles-91890/,/installateur-de-velux-91/,,HUB,0
https://eric-couvreur.fr/pose-de-velux-a-quincy-sous-senart-91480/,/installateur-de-velux-91/,,HUB,1
https://eric-couvreur.fr/pose-de-velux-a-orveau-91590/,/installateur-de-velux-91/,,HUB,0
https://eric-couvreur.fr/pose-de-velux-a-granges-le-roi-91410/,/installateur-de-velux-91/,,HUB,0
https://eric-couvreur.fr/pose-de-velux-a-gometz-le-chatel-91940/,/installateur-de-velux-91/,,HUB,0
https://eric-couvreur.fr/pose-de-velux-a-boutigny-sur-essonne-91820/,/installateur-de-velux-91/,,HUB,0
https://eric-couvreur.fr/pose-de-velux-a-mereville-91660/,/couvreur-mereville/,mereville,PRIORITAIRE,0
https://eric-couvreur.fr/pose-de-velux-a-boutervilliers-91150/,/installateur-de-velux-91/,,HUB,0
https://eric-couvreur.fr/pose-de-velux-a-mauchamps-91730/,/installateur-de-velux-91/,,HUB,0
https://eric-couvreur.fr/pose-de-velux-a-igny-91430/,/couvreur-igny/,igny,PRIORITAIRE,0
https://eric-couvreur.fr/pose-de-velux-a-viry-chatillon-91170/,/installateur-de-velux-91/,,HUB,6
https://eric-couvreur.fr/pose-de-velux-a-bouville-91880/,/installateur-de-velux-91/,,HUB,0
https://eric-couvreur.fr/pose-de-velux-a-etampes-91150/,/installateur-de-velux-91/,,HUB,29
https://eric-couvreur.fr/pose-de-velux-a-gometz-la-ville-91400/,/installateur-de-velux-91/,,HUB,0
https://eric-couvreur.fr/pose-de-velux-a-arrancourt-91690/,/installateur-de-velux-91/,,HUB,2
https://eric-couvreur.fr/pose-de-velux-a-bievres-91570/,/installateur-de-velux-91/,,HUB,0
https://eric-couvreur.fr/pose-de-velux-a-d-huison-longueville-91590/,/installateur-de-velux-91/,,HUB,0
https://eric-couvreur.fr/pose-de-velux-a-chatignonville-91410/,/installateur-de-velux-91/,,HUB,0
https://eric-couvreur.fr/pose-de-velux-a-dannemois-91490/,/installateur-de-velux-91/,,HUB,0
https://eric-couvreur.fr/pose-de-velux-a-chevannes-91750/,/installateur-de-velux-91/,,HUB,0
https://eric-couvreur.fr/pose-de-velux-a-forges-les-bains-91470/,/installateur-de-velux-91/,,HUB,0
https://eric-couvreur.fr/pose-de-velux-a-angerville-91670/,/installateur-de-velux-91/,,HUB,0
https://eric-couvreur.fr/pose-de-velux-a-corbeil-essonnes-91100/,/couvreur-corbeil-essonnes/,corbeil-essonnes,PRIORITAIRE,78
https://eric-couvreur.fr/pose-de-velux-a-val-saint-germain-91530/,/installateur-de-velux-91/,,HUB,0
https://eric-couvreur.fr/pose-de-velux-a-puiselet-le-marais-91150/,/installateur-de-velux-91/,,HUB,0
https://eric-couvreur.fr/pose-de-velux-a-bois-herpin-91150/,/installateur-de-velux-91/,,HUB,0
https://eric-couvreur.fr/pose-de-velux-a-orsay-91400/,/couvreur-orsay/,orsay,PRIORITAIRE,51
https://eric-couvreur.fr/pose-de-velux-a-tigery-91250/,/installateur-de-velux-91/,,HUB,19
https://eric-couvreur.fr/pose-de-velux-a-fontenay-le-vicomte-91540/,/installateur-de-velux-91/,,HUB,0
https://eric-couvreur.fr/pose-de-velux-a-massy-91300/,/installateur-de-velux-91/,,HUB,0
https://eric-couvreur.fr/pose-de-velux-a-moigny-sur-ecole-91490/,/installateur-de-velux-91/,,HUB,0
https://eric-couvreur.fr/pose-de-velux-a-longpont-sur-orge-91310/,/installateur-de-velux-91/,,HUB,0
https://eric-couvreur.fr/pose-de-velux-a-mondeville-91590/,/installateur-de-velux-91/,,HUB,0
https://eric-couvreur.fr/pose-de-velux-a-saint-michel-sur-orge-91240/,/installateur-de-velux-91/,,HUB,0
https://eric-couvreur.fr/pose-de-velux-a-ballainvilliers-91160/,/installateur-de-velux-91/,,HUB,0
https://eric-couvreur.fr/pose-de-velux-a-villejust-91140/,/installateur-de-velux-91/,,HUB,0
https://eric-couvreur.fr/pose-de-velux-a-saint-escobille-91410/,/installateur-de-velux-91/,,HUB,0
https://eric-couvreur.fr/pose-de-velux-a-saint-pierre-du-perray-91280/,/installateur-de-velux-91/,,HUB,0
https://eric-couvreur.fr/pose-de-velux-a-merobert-91780/,/installateur-de-velux-91/,,HUB,0
https://eric-couvreur.fr/pose-de-velux-a-ballancourt-sur-essonne-91610/,/installateur-de-velux-91/,,HUB,0
https://eric-couvreur.fr/pose-de-velux-a-maisse-91720/,/installateur-de-velux-91/,,HUB,0
https://eric-couvreur.fr/pose-de-velux-a-chamarande-91730/,/installateur-de-velux-91/,,HUB,0
https://eric-couvreur.fr/pose-de-velux-a-milly-la-foret-91490/,/couvreur-milly-la-foret/,milly-la-foret,PRIORITAIRE,0
https://eric-couvreur.fr/pose-de-velux-a-breux-jouy-91650/,/installateur-de-velux-91/,,HUB,0
https://eric-couvreur.fr/pose-de-velux-a-plessis-pate-91220/,/installateur-de-velux-91/,,HUB,0
https://eric-couvreur.fr/pose-de-velux-a-auvers-saint-georges-91580/,/installateur-de-velux-91/,,HUB,0
https://eric-couvreur.fr/pose-de-velux-a-auvernaux-91830/,/installateur-de-velux-91/,,HUB,0
https://eric-couvreur.fr/pose-de-velux-a-morsang-sur-seine-91250/,/installateur-de-velux-91/,,HUB,0
https://eric-couvreur.fr/pose-de-velux-a-vigneux-sur-seine-91270/,/installateur-de-velux-91/,,HUB,0
https://eric-couvreur.fr/pose-de-velux-a-champcueil-91750/,/installateur-de-velux-91/,,HUB,0
https://eric-couvreur.fr/pose-de-velux-a-vayres-sur-essonne-91820/,/installateur-de-velux-91/,,HUB,0
https://eric-couvreur.fr/pose-de-velux-a-abbeville-la-riviere-91150/,/installateur-de-velux-91/,,HUB,11
https://eric-couvreur.fr/pose-de-velux-a-avrainville-91630/,/installateur-de-velux-91/,,HUB,0
https://eric-couvreur.fr/pose-de-velux-a-ris-orangis-91000/,/installateur-de-velux-91/,,HUB,31
https://eric-couvreur.fr/pose-de-velux-a-bures-sur-yvette-91440/,/installateur-de-velux-91/,,HUB,0
https://eric-couvreur.fr/pose-de-velux-a-palaiseau-91120/,/couvreur-palaiseau/,palaiseau,PRIORITAIRE,3
https://eric-couvreur.fr/pose-de-velux-a-arpajon-91290/,/couvreur-arpajon/,arpajon,PRIORITAIRE,0
https://eric-couvreur.fr/pose-de-velux-a-guigneville-sur-essonne-91590/,/installateur-de-velux-91/,,HUB,0
https://eric-couvreur.fr/pose-de-velux-a-epinay-sur-orge-91360/,/installateur-de-velux-91/,,HUB,17
https://eric-couvreur.fr/pose-de-velux-a-blandy-91150/,/installateur-de-velux-91/,,HUB,0
https://eric-couvreur.fr/pose-de-velux-a-boussy-saint-antoine-91800/,/installateur-de-velux-91/,,HUB,0
https://eric-couvreur.fr/pose-de-velux-a-villabe-91100/,/installateur-de-velux-91/,,HUB,1
https://eric-couvreur.fr/pose-de-velux-a-ville-du-bois-91620/,/couvreur-la-ville-du-bois/,la-ville-du-bois,PRIORITAIRE,0
https://eric-couvreur.fr/pose-de-velux-a-angervilliers-91470/,/installateur-de-velux-91/,,HUB,0
https://eric-couvreur.fr/pose-de-velux-a-echarcon-91540/,/installateur-de-velux-91/,,HUB,0
https://eric-couvreur.fr/pose-de-velux-a-ormoy-91540/,/installateur-de-velux-91/,,HUB,0
https://eric-couvreur.fr/pose-de-velux-a-cerny-91590/,/installateur-de-velux-91/,,HUB,0
https://eric-couvreur.fr/pose-de-velux-a-verrieres-le-buisson-91370/,/installateur-de-velux-91/,,HUB,0
https://eric-couvreur.fr/pose-de-velux-a-boissy-le-cutte-91590/,/installateur-de-velux-91/,,HUB,0
https://eric-couvreur.fr/pose-de-velux-a-crosne-91560/,/installateur-de-velux-91/,,HUB,0
https://eric-couvreur.fr/pose-de-velux-a-janvry-91640/,/installateur-de-velux-91/,,HUB,0
https://eric-couvreur.fr/pose-de-velux-a-brunoy-91800/,/installateur-de-velux-91/,,HUB,2
https://eric-couvreur.fr/pose-de-velux-a-boissy-sous-saint-yon-91790/,/installateur-de-velux-91/,,HUB,0
https://eric-couvreur.fr/pose-de-velux-a-villebon-sur-yvette-91940/,/installateur-de-velux-91/,,HUB,0
https://eric-couvreur.fr/pose-de-velux-a-monnerville-91930/,/installateur-de-velux-91/,,HUB,0
https://eric-couvreur.fr/pose-de-velux-a-gironville-sur-essonne-91720/,/installateur-de-velux-91/,,HUB,0
https://eric-couvreur.fr/pose-de-velux-a-saint-hilaire-91780/,/installateur-de-velux-91/,,HUB,0
https://eric-couvreur.fr/pose-de-velux-a-evry-91090/,/couvreur-evry/,evry,PRIORITAIRE,142
https://eric-couvreur.fr/pose-de-velux-a-leudeville-91630/,/installateur-de-velux-91/,,HUB,0
https://eric-couvreur.fr/pose-de-velux-a-valpuiseaux-91720/,/installateur-de-velux-91/,,HUB,0
https://eric-couvreur.fr/pose-de-velux-a-dourdan-91410/,/installateur-de-velux-91/,,HUB,90
https://eric-couvreur.fr/pose-de-velux-a-estouches-91660/,/installateur-de-velux-91/,,HUB,0
https://eric-couvreur.fr/pose-de-velux-a-draveil-91210/,/couvreur-draveil/,draveil,PRIORITAIRE,48
https://eric-couvreur.fr/pose-de-velux-a-marolles-en-beauce-91150/,/installateur-de-velux-91/,,HUB,0
https://eric-couvreur.fr/pose-de-velux-a-mennecy-91540/,/installateur-de-velux-91/,,HUB,8
https://eric-couvreur.fr/pose-de-velux-a-grigny-91350/,/installateur-de-velux-91/,,HUB,0
https://eric-couvreur.fr/pose-de-velux-a-vert-le-petit-91710/,/installateur-de-velux-91/,,HUB,0
https://eric-couvreur.fr/pose-de-velux-a-oncy-sur-ecole-91490/,/installateur-de-velux-91/,,HUB,0
https://eric-couvreur.fr/pose-de-velux-a-guillerval-91690/,/installateur-de-velux-91/,,HUB,0
https://eric-couvreur.fr/pose-de-velux-a-wissous-91320/,/couvreur-wissous/,wissous,PRIORITAIRE,0
https://eric-couvreur.fr/couvreur-a-forges-les-bains/,/travaux-de-couverture/,,HUB,0
https://eric-couvreur.fr/couvreur-a-yerres-91330/,/travaux-de-couverture/,,HUB,0
https://eric-couvreur.fr/couvreur-a-wissous-91320/,/couvreur-wissous/,wissous,PRIORITAIRE,65
https://eric-couvreur.fr/couvreur-a-viry-chatillon-91170/,/travaux-de-couverture/,,HUB,0
https://eric-couvreur.fr/couvreur-a-villiers-sur-orge-91700/,/travaux-de-couverture/,,HUB,0
https://eric-couvreur.fr/couvreur-a-villiers-le-bacle-91190/,/travaux-de-couverture/,,HUB,0
https://eric-couvreur.fr/couvreur-a-villeneuve-sur-auvers-91150/,/travaux-de-couverture/,,HUB,0
https://eric-couvreur.fr/couvreur-a-villemoisson-sur-orge-91360/,/travaux-de-couverture/,,HUB,0
https://eric-couvreur.fr/couvreur-a-villejust-91120/,/travaux-de-couverture/,,HUB,0
https://eric-couvreur.fr/couvreur-a-la-ville-du-bois-91620/,/couvreur-la-ville-du-bois/,la-ville-du-bois,PRIORITAIRE,0
https://eric-couvreur.fr/couvreur-a-villeconin-91580/,/travaux-de-couverture/,,HUB,0
https://eric-couvreur.fr/couvreur-a-villebon-sur-yvette-91120/,/travaux-de-couverture/,,HUB,0
https://eric-couvreur.fr/couvreur-a-villabe-91100/,/travaux-de-couverture/,,HUB,0
https://eric-couvreur.fr/couvreur-a-vigneux-sur-seine-91270/,/travaux-de-couverture/,,HUB,28
https://eric-couvreur.fr/couvreur-a-videlles-91890/,/travaux-de-couverture/,,HUB,0
https://eric-couvreur.fr/couvreur-a-vert-le-petit-91710/,/travaux-de-couverture/,,HUB,0
https://eric-couvreur.fr/couvreur-a-vert-le-grand-91810/,/travaux-de-couverture/,,HUB,0
https://eric-couvreur.fr/couvreur-a-verrieres-le-buisson-91370/,/travaux-de-couverture/,,HUB,0
https://eric-couvreur.fr/couvreur-a-vayres-sur-essonne-91820/,/travaux-de-couverture/,,HUB,0
https://eric-couvreur.fr/couvreur-a-vauhallan-91430/,/travaux-de-couverture/,,HUB,0
https://eric-couvreur.fr/couvreur-a-vaugrigneuse-91640/,/travaux-de-couverture/,,HUB,0
https://eric-couvreur.fr/couvreur-a-varennes-jarcy-91480/,/travaux-de-couverture/,,HUB,0
https://eric-couvreur.fr/couvreur-a-val-saint-germain-91530/,/travaux-de-couverture/,,HUB,0
https://eric-couvreur.fr/couvreur-a-valpuiseaux-91720/,/travaux-de-couverture/,,HUB,0
https://eric-couvreur.fr/couvreur-aux-ulis-91940/,/travaux-de-couverture/,,HUB,0
https://eric-couvreur.fr/couvreur-a-torfou-91730/,/travaux-de-couverture/,,HUB,0
https://eric-couvreur.fr/couvreur-a-tigery-91250/,/travaux-de-couverture/,,HUB,0
https://eric-couvreur.fr/couvreur-a-saint-yon-91650/,/travaux-de-couverture/,,HUB,0
https://eric-couvreur.fr/couvreur-a-saint-vrain-91770/,/travaux-de-couverture/,,HUB,0
https://eric-couvreur.fr/couvreur-a-saint-sulpice-de-favieres-91910/,/travaux-de-couverture/,,HUB,1
https://eric-couvreur.fr/couvreur-a-saint-pierre-du-perray-91280/,/travaux-de-couverture/,,HUB,0
https://eric-couvreur.fr/couvreur-a-st-maurice-montcouronne-91530/,/travaux-de-couverture/,,HUB,0
https://eric-couvreur.fr/couvreur-a-saint-jean-de-beauregard-91400/,/travaux-de-couverture/,,HUB,0
https://eric-couvreur.fr/couvreur-a-saint-hilaire-91780/,/travaux-de-couverture/,,HUB,0
https://eric-couvreur.fr/couvreur-a-saint-germain-les-corbeil-91250/,/travaux-de-couverture/,,HUB,5
https://eric-couvreur.fr/couvreur-a-saint-germain-les-arpajon-91290/,/travaux-de-couverture/,,HUB,0
https://eric-couvreur.fr/couvreur-a-sainte-genevieve-des-bois-91700/,/couvreur-sainte-genevieve-des-bois/,sainte-genevieve-des-bois,PRIORITAIRE,0
https://eric-couvreur.fr/couvreur-a-sainte-escobille-91410/,/travaux-de-couverture/,,HUB,0
https://eric-couvreur.fr/couvreur-a-saint-cyr-sous-dourdan-91410/,/travaux-de-couverture/,,HUB,0
https://eric-couvreur.fr/couvreur-a-saint-cyr-la-riviere-91690/,/travaux-de-couverture/,,HUB,0
https://eric-couvreur.fr/couvreur-a-saint-cheron-91530/,/travaux-de-couverture/,,HUB,0
https://eric-couvreur.fr/couvreur-a-saint-aubin-91190/,/travaux-de-couverture/,,HUB,0
https://eric-couvreur.fr/couvreur-a-souzy-la-briche-91580/,/travaux-de-couverture/,,HUB,1
https://eric-couvreur.fr/couvreur-a-soisy-sur-seine-91450/,/travaux-de-couverture/,,HUB,0
https://eric-couvreur.fr/couvreur-a-soisy-sur-ecole-91840/,/travaux-de-couverture/,,HUB,63
https://eric-couvreur.fr/couvreur-a-sermaise-91530/,/travaux-de-couverture/,,HUB,4
https://eric-couvreur.fr/couvreur-a-savigny-sur-orge-91600/,/couvreur-savigny-sur-orge/,savigny-sur-orge,PRIORITAIRE,111
https://eric-couvreur.fr/couvreur-a-saulx-les-chartreux-91160/,/travaux-de-couverture/,,HUB,38
https://eric-couvreur.fr/couvreur-a-saintry-sur-seine-91250/,/travaux-de-couverture/,,HUB,0
https://eric-couvreur.fr/couvreur-a-saclay-91400/,/travaux-de-couverture/,,HUB,2
https://eric-couvreur.fr/couvreur-a-saclas-91690/,/couvreur-saclas/,saclas,PRIORITAIRE,0
https://eric-couvreur.fr/couvreur-a-roinvilliers-91150/,/travaux-de-couverture/,,HUB,0
https://eric-couvreur.fr/couvreur-a-roinville-sous-dourdan-91410/,/travaux-de-couverture/,,HUB,7
https://eric-couvreur.fr/couvreur-a-ris-orangis-91130/,/travaux-de-couverture/,,HUB,0
https://eric-couvreur.fr/couvreur-a-richarville-91410/,/travaux-de-couverture/,,HUB,0
https://eric-couvreur.fr/couvreur-a-quincy-sous-senart-91480/,/travaux-de-couverture/,,HUB,0
https://eric-couvreur.fr/couvreur-a-pussay-91740/,/travaux-de-couverture/,,HUB,9
https://eric-couvreur.fr/couvreur-a-puiselet-le-marais-91150/,/travaux-de-couverture/,,HUB,1
https://eric-couvreur.fr/couvreur-a-prunay-sur-essonne-91720/,/travaux-de-couverture/,,HUB,0
https://eric-couvreur.fr/couvreur-au-plessis-saint-benoit-91410/,/travaux-de-couverture/,,HUB,1
https://eric-couvreur.fr/couvreur-au-plessis-pate-91220/,/travaux-de-couverture/,,HUB,0
https://eric-couvreur.fr/couvreur-a-pecqueuse-91470/,/couvreur-pecqueuse/,pecqueuse,PRIORITAIRE,64
https://eric-couvreur.fr/couvreur-a-paray-vieille-poste-91550/,/travaux-de-couverture/,,HUB,2
https://eric-couvreur.fr/couvreur-a-palaiseau-91120/,/couvreur-palaiseau/,palaiseau,PRIORITAIRE,0
https://eric-couvreur.fr/couvreur-a-orveau-91590/,/travaux-de-couverture/,,HUB,0
https://eric-couvreur.fr/couvreur-a-leudeville-91630-2/,/travaux-de-couverture/,,HUB,0
https://eric-couvreur.fr/couvreur-a-orsay-91400/,/couvreur-orsay/,orsay,PRIORITAIRE,0
https://eric-couvreur.fr/couvreur-a-ormoy-la-riviere-91150/,/travaux-de-couverture/,,HUB,2
https://eric-couvreur.fr/couvreur-a-ormoy-91540/,/travaux-de-couverture/,,HUB,1
https://eric-couvreur.fr/couvreur-a-oncy-sur-ecole-91490/,/travaux-de-couverture/,,HUB,0
https://eric-couvreur.fr/couvreur-a-ollainville-91290/,/travaux-de-couverture/,,HUB,0
https://eric-couvreur.fr/couvreur-a-nozay-91310/,/travaux-de-couverture/,,HUB,0
https://eric-couvreur.fr/couvreur-a-la-norville-91290/,/travaux-de-couverture/,,HUB,0
https://eric-couvreur.fr/couvreur-a-nainville-les-roches-91750/,/travaux-de-couverture/,,HUB,11
https://eric-couvreur.fr/couvreur-a-morsang-sur-seine-91250/,/travaux-de-couverture/,,HUB,0
https://eric-couvreur.fr/couvreur-a-morsang-sur-orge-91390/,/couvreur-morsang-sur-orge/,morsang-sur-orge,PRIORITAIRE,39
https://eric-couvreur.fr/couvreur-a-morigny-champigny-91150/,/travaux-de-couverture/,,HUB,46
https://eric-couvreur.fr/couvreur-a-morangis-91420/,/travaux-de-couverture/,,HUB,2
https://eric-couvreur.fr/couvreur-a-montgeron-91230/,/couvreur-montgeron/,montgeron,PRIORITAIRE,97
https://eric-couvreur.fr/couvreur-a-monnerville-91930/,/travaux-de-couverture/,,HUB,1
https://eric-couvreur.fr/couvreur-a-mondeville-91630/,/travaux-de-couverture/,,HUB,1
https://eric-couvreur.fr/couvreur-aux-molieres-91590/,/travaux-de-couverture/,,HUB,15
https://eric-couvreur.fr/couvreur-a-moigny-sur-ecole-91490/,/travaux-de-couverture/,,HUB,1
https://eric-couvreur.fr/couvreur-a-milly-la-foret-91490/,/couvreur-milly-la-foret/,milly-la-foret,PRIORITAIRE,68
https://eric-couvreur.fr/couvreur-a-mespuits-91150/,/travaux-de-couverture/,,HUB,1
https://eric-couvreur.fr/couvreur-a-merobert-91780/,/travaux-de-couverture/,,HUB,0
https://eric-couvreur.fr/couvreur-a-mereville-91660/,/couvreur-mereville/,mereville,PRIORITAIRE,77
https://eric-couvreur.fr/couvreur-a-mennecy-91540/,/travaux-de-couverture/,,HUB,1
https://eric-couvreur.fr/couvreur-a-mauchamps-91730/,/travaux-de-couverture/,,HUB,0
https://eric-couvreur.fr/couvreur-a-marolles-en-hurepoix-91630/,/travaux-de-couverture/,,HUB,20
https://eric-couvreur.fr/couvreur-a-marolles-en-beauce-91150/,/travaux-de-couverture/,,HUB,1
https://eric-couvreur.fr/couvreur-a-marcoussis-91460/,/travaux-de-couverture/,,HUB,1
https://eric-couvreur.fr/couvreur-a-maisse-91720/,/travaux-de-couverture/,,HUB,0
https://eric-couvreur.fr/couvreur-a-longjumeau-91160/,/travaux-de-couverture/,,HUB,0
https://eric-couvreur.fr/couvreur-a-lisses-91090/,/travaux-de-couverture/,,HUB,3
https://eric-couvreur.fr/couvreur-a-leudeville-91630/,/travaux-de-couverture/,,HUB,1
https://eric-couvreur.fr/couvreur-a-limours-en-hurepoix-91470/,/travaux-de-couverture/,,HUB,0
https://eric-couvreur.fr/couvreur-a-lardy-91510/,/travaux-de-couverture/,,HUB,0
https://eric-couvreur.fr/couvreur-a-juvisy-sur-orge-91260/,/travaux-de-couverture/,,HUB,0
https://eric-couvreur.fr/couvreur-a-janvry-91640/,/travaux-de-couverture/,,HUB,9
https://eric-couvreur.fr/couvreur-a-janville-sur-juine-91510/,/travaux-de-couverture/,,HUB,5
https://eric-couvreur.fr/couvreur-a-itteville-91760/,/travaux-de-couverture/,,HUB,0
https://eric-couvreur.fr/couvreur-a-igny-91430/,/couvreur-igny/,igny,PRIORITAIRE,1
https://eric-couvreur.fr/couvreur-a-guillerval-91690/,/travaux-de-couverture/,,HUB,0
https://eric-couvreur.fr/couvreur-a-guigneville-91590/,/travaux-de-couverture/,,HUB,0
https://eric-couvreur.fr/couvreur-a-guibeville-91630/,/travaux-de-couverture/,,HUB,0
https://eric-couvreur.fr/couvreur-a-grigny-91350/,/travaux-de-couverture/,,HUB,0
https://eric-couvreur.fr/couvreur-aux-granges-le-roi-91410/,/travaux-de-couverture/,,HUB,3
https://eric-couvreur.fr/couvreur-a-gometz-la-ville-91400/,/travaux-de-couverture/,,HUB,0
https://eric-couvreur.fr/couvreur-a-gometz-le-chatel-91400/,/travaux-de-couverture/,,HUB,4
https://eric-couvreur.fr/couvreur-a-gironville-sur-essonne-91860/,/travaux-de-couverture/,,HUB,0
https://eric-couvreur.fr/couvreur-a-gif-sur-yvette-91190/,/couvreur-gif-sur-yvette/,gif-sur-yvette,PRIORITAIRE,0
https://eric-couvreur.fr/couvreur-a-forges-les-bains-91470/,/travaux-de-couverture/,,HUB,0
https://eric-couvreur.fr/couvreur-a-la-foret-sainte-croix-91150/,/travaux-de-couverture/,,HUB,0
https://eric-couvreur.fr/couvreur-a-la-foret-le-roi-91410/,/travaux-de-couverture/,,HUB,0
https://eric-couvreur.fr/couvreur-a-fontenay-le-vicomte-91540/,/travaux-de-couverture/,,HUB,0
https://eric-couvreur.fr/couvreur-a-fontenay-les-briis-91640/,/travaux-de-couverture/,,HUB,0
https://eric-couvreur.fr/couvreur-a-fontaine-la-riviere-91690/,/travaux-de-couverture/,,HUB,0
https://eric-couvreur.fr/couvreur-a-fleury-merogis-91700/,/travaux-de-couverture/,,HUB,0
https://eric-couvreur.fr/couvreur-a-la-ferte-alais-91590/,/travaux-de-couverture/,,HUB,56
https://eric-couvreur.fr/couvreur-a-evry-91000/,/couvreur-evry/,evry,PRIORITAIRE,0
https://eric-couvreur.fr/couvreur-a-etrechy-91580/,/couvreur-etrechy/,etrechy,PRIORITAIRE,150
https://eric-couvreur.fr/couvreur-a-etiolles-91450/,/travaux-de-couverture/,,HUB,5
https://eric-couvreur.fr/couvreur-a-etampes-91150/,/travaux-de-couverture/,,HUB,0
https://eric-couvreur.fr/couvreur-a-estouches-91660/,/travaux-de-couverture/,,HUB,0
https://eric-couvreur.fr/couvreur-a-epinay-sur-orge-91360/,/travaux-de-couverture/,,HUB,0
https://eric-couvreur.fr/couvreur-a-epinay-sous-senart-91860/,/travaux-de-couverture/,,HUB,0
https://eric-couvreur.fr/couvreur-a-egly-91290/,/travaux-de-couverture/,,HUB,0
https://eric-couvreur.fr/couvreur-a-echarcon-91540/,/travaux-de-couverture/,,HUB,0
https://eric-couvreur.fr/couvreur-a-draveil-91210/,/couvreur-draveil/,draveil,PRIORITAIRE,0
https://eric-couvreur.fr/couvreur-a-dourdan-91410/,/travaux-de-couverture/,,HUB,0
https://eric-couvreur.fr/couvreur-a-dhuison-longueville-91590/,/travaux-de-couverture/,,HUB,0
https://eric-couvreur.fr/couvreur-a-dannemois-91490/,/travaux-de-couverture/,,HUB,4
https://eric-couvreur.fr/couvreur-a-crosne-91560/,/travaux-de-couverture/,,HUB,0
https://eric-couvreur.fr/couvreur-a-courson-monteloup-91680/,/travaux-de-couverture/,,HUB,6
https://eric-couvreur.fr/couvreur-a-courdimanche-sur-essonne-91720/,/travaux-de-couverture/,,HUB,0
https://eric-couvreur.fr/couvreur-a-courcouronnes-91080/,/travaux-de-couverture/,,HUB,0
https://eric-couvreur.fr/couvreur-a-courances-91490/,/travaux-de-couverture/,,HUB,0
https://eric-couvreur.fr/couvreur-au-coudray-montceaux-91830/,/travaux-de-couverture/,,HUB,0
https://eric-couvreur.fr/couvreur-a-corbreuse-91410/,/travaux-de-couverture/,,HUB,0
https://eric-couvreur.fr/couvreur-a-corbeil-essonnes-91100/,/couvreur-corbeil-essonnes/,corbeil-essonnes,PRIORITAIRE,224
https://eric-couvreur.fr/couvreur-a-congerville-thionville-91740/,/travaux-de-couverture/,,HUB,0
https://eric-couvreur.fr/couvreur-a-chilly-mazarin-91380/,/travaux-de-couverture/,,HUB,2
https://eric-couvreur.fr/couvreur-a-bievres-91570/,/travaux-de-couverture/,,HUB,0
https://eric-couvreur.fr/couvreur-a-blandy-91150/,/travaux-de-couverture/,,HUB,0
https://eric-couvreur.fr/couvreur-a-boigneville-91720/,/travaux-de-couverture/,,HUB,0
https://eric-couvreur.fr/couvreur-a-bois-herpin-91150/,/travaux-de-couverture/,,HUB,0
https://eric-couvreur.fr/couvreur-a-boissy-la-riviere-91690/,/travaux-de-couverture/,,HUB,0
https://eric-couvreur.fr/couvreur-a-boissy-le-cutte-91150/,/travaux-de-couverture/,,HUB,25
https://eric-couvreur.fr/couvreur-a-boissy-le-sec-91870/,/travaux-de-couverture/,,HUB,0
https://eric-couvreur.fr/couvreur-a-boullay-les-trous-91470/,/travaux-de-couverture/,,HUB,0
https://eric-couvreur.fr/couvreur-a-bouray-sur-juine-91850/,/travaux-de-couverture/,,HUB,12
https://eric-couvreur.fr/couvreur-a-boussy-saint-antoine-91800/,/travaux-de-couverture/,,HUB,0
https://eric-couvreur.fr/couvreur-a-boutervilliers-91150/,/travaux-de-couverture/,,HUB,0
https://eric-couvreur.fr/couvreur-a-boutigny-sur-essonne-91820/,/travaux-de-couverture/,,HUB,0
https://eric-couvreur.fr/couvreur-a-bouville-91880/,/travaux-de-couverture/,,HUB,0
https://eric-couvreur.fr/couvreur-a-breuillet-91650/,/travaux-de-couverture/,,HUB,0
https://eric-couvreur.fr/couvreur-a-breux-jouy-91650/,/travaux-de-couverture/,,HUB,0
https://eric-couvreur.fr/couvreur-a-brieres-les-scelles-91150/,/travaux-de-couverture/,,HUB,0
https://eric-couvreur.fr/couvreur-a-briis-sous-forges-91640/,/travaux-de-couverture/,,HUB,9
https://eric-couvreur.fr/couvreur-a-brouy-91150/,/travaux-de-couverture/,,HUB,0
https://eric-couvreur.fr/couvreur-a-brunoy-91800/,/travaux-de-couverture/,,HUB,0
https://eric-couvreur.fr/couvreur-a-bruyeres-le-chatel-91680/,/travaux-de-couverture/,,HUB,0
https://eric-couvreur.fr/couvreur-a-buno-bonnevaux-91860/,/travaux-de-couverture/,,HUB,0
https://eric-couvreur.fr/couvreur-a-bures-sur-yvette-91440/,/travaux-de-couverture/,,HUB,11
https://eric-couvreur.fr/couvreur-a-cerny-91590/,/travaux-de-couverture/,,HUB,5
https://eric-couvreur.fr/couvreur-a-chalo-saint-mars-91780/,/travaux-de-couverture/,,HUB,0
https://eric-couvreur.fr/couvreur-a-chalou-moulineux-91740/,/travaux-de-couverture/,,HUB,0
https://eric-couvreur.fr/couvreur-a-chamarande-91730/,/travaux-de-couverture/,,HUB,0
https://eric-couvreur.fr/couvreur-a-champcueil-91750/,/travaux-de-couverture/,,HUB,0
https://eric-couvreur.fr/couvreur-a-champlan-91160/,/couvreur-champlan/,champlan,PRIORITAIRE,0
https://eric-couvreur.fr/couvreur-a-champmotteux-91150/,/travaux-de-couverture/,,HUB,1
https://eric-couvreur.fr/couvreur-a-chatignonville-91410/,/travaux-de-couverture/,,HUB,0
https://eric-couvreur.fr/couvreur-a-chauffour-les-etrechy-91580/,/travaux-de-couverture/,,HUB,0
https://eric-couvreur.fr/couvreur-a-cheptainville-91630/,/travaux-de-couverture/,,HUB,0
https://eric-couvreur.fr/couvreur-a-baulne-91590/,/travaux-de-couverture/,,HUB,3
https://eric-couvreur.fr/couvreur-a-ballancourt-sur-essonne-91610/,/travaux-de-couverture/,,HUB,0
https://eric-couvreur.fr/couvreur-a-ballainvilliers-91160/,/travaux-de-couverture/,,HUB,41
https://eric-couvreur.fr/couvreur-a-auvers-saint-georges-91150/,/travaux-de-couverture/,,HUB,0
https://eric-couvreur.fr/couvreur-a-auvernaux-91830/,/travaux-de-couverture/,,HUB,0
https://eric-couvreur.fr/couvreur-a-authon-la-plaine-91410/,/travaux-de-couverture/,,HUB,1
https://eric-couvreur.fr/couvreur-a-athis-mons-91200/,/travaux-de-couverture/,,HUB,0
https://eric-couvreur.fr/couvreur-a-arrancourt-91690/,/travaux-de-couverture/,,HUB,0
https://eric-couvreur.fr/couvreur-a-angervilliers-91470/,/travaux-de-couverture/,,HUB,23
https://eric-couvreur.fr/couvreur-a-angerville-91670/,/travaux-de-couverture/,,HUB,0
https://eric-couvreur.fr/couvreur-a-abbeville-la-riviere-91150/,/travaux-de-couverture/,,HUB,0
https://eric-couvreur.fr/couvreur-a-saint-michel-sur-orge-91240/,/travaux-de-couverture/,,HUB,0
https://eric-couvreur.fr/couvreur-a-leuville-sur-orge-91310/,/travaux-de-couverture/,,HUB,4
https://eric-couvreur.fr/couvreur-a-longpont-sur-orge-91310/,/travaux-de-couverture/,,HUB,3
https://eric-couvreur.fr/couvreur-a-linas-91310/,/couvreur-linas/,linas,PRIORITAIRE,336
https://eric-couvreur.fr/couvreur-a-montlhery-91310/,/travaux-de-couverture/,,HUB,2
https://eric-couvreur.fr/couvreur-a-palaiseau/,/couvreur-palaiseau/,palaiseau,PRIORITAIRE,0
https://eric-couvreur.fr/couvreur-a-champlan/,/couvreur-champlan/,champlan,PRIORITAIRE,4
https://eric-couvreur.fr/couvreur-a-massy/,/travaux-de-couverture/,,HUB,0
https://eric-couvreur.fr/couvreur-a-longjumeau/,/travaux-de-couverture/,,HUB,0
https://eric-couvreur.fr/couvreur-a-avrainville/,/travaux-de-couverture/,,HUB,0
https://eric-couvreur.fr/couvreur-a-boissy-sous-saint-yon/,/travaux-de-couverture/,,HUB,0
https://eric-couvreur.fr/couvreur-a-evry/,/couvreur-evry/,evry,PRIORITAIRE,0
https://eric-couvreur.fr/couvreur-a-bondoufle/,/travaux-de-couverture/,,HUB,0
https://eric-couvreur.fr/couvreur-a-bretigny-sur-orge/,/travaux-de-couverture/,,HUB,5
https://eric-couvreur.fr/couvreur-a-la-norville/,/travaux-de-couverture/,,HUB,0
https://eric-couvreur.fr/couvreur-a-saint-germain-les-arpajon/,/travaux-de-couverture/,,HUB,1
https://eric-couvreur.fr/couvreur-a-arpajon-2/,/couvreur-arpajon/,arpajon,PRIORITAIRE,370
https://eric-couvreur.fr/couvreur-a-la-ville-du-bois/,/couvreur-la-ville-du-bois/,la-ville-du-bois,PRIORITAIRE,71
https://eric-couvreur.fr/couvreur-a-saint-germain-les-arpajons/,/travaux-de-couverture/,,HUB,1
https://eric-couvreur.fr/couvreur-a-leuville-sur-orge/,/travaux-de-couverture/,,HUB,0
https://eric-couvreur.fr/couvreur-a-janvry/,/travaux-de-couverture/,,HUB,0
https://eric-couvreur.fr/couvreur-a-gometz-la-ville/,/travaux-de-couverture/,,HUB,47
https://eric-couvreur.fr/couvreur-a-arpajon/,/couvreur-arpajon/,arpajon,PRIORITAIRE,2
https://eric-couvreur.fr/couvreur-a-longpont-sur-orge/,/travaux-de-couverture/,,HUB,0
https://eric-couvreur.fr/couvreur-a-montlhery/,/travaux-de-couverture/,,HUB,0
https://eric-couvreur.fr/couvreur-a-linas/,/couvreur-linas/,linas,PRIORITAIRE,0
https://eric-couvreur.fr/isolation-des-rampants/,/isolation-des-rampants/,,KEEP,0
https://eric-couvreur.fr/isolation-des-combles/,/isolation-des-combles/,,KEEP,48
https://eric-couvreur.fr/diagnostic-de-charpentes/,/diagnostic-de-charpentes/,,KEEP,1
https://eric-couvreur.fr/traitement-de-charpente/,/traitement-de-charpente/,,KEEP,127
https://eric-couvreur.fr/artisan-couvreur-rge-91/,/artisan-couvreur-rge-91/,,KEEP,39
https://eric-couvreur.fr/contact/,/contact/,,KEEP,19
https://eric-couvreur.fr/a-propos/,/a-propos/,,KEEP,70
https://eric-couvreur.fr/,/,,KEEP,4028
https://eric-couvreur.fr/installateur-de-velux-91/,/installateur-de-velux-91/,,KEEP,613
https://eric-couvreur.fr/pose-de-fenetre-de-toit-91/,/installateur-de-velux-91/,,301,0
https://eric-couvreur.fr/installateur-de-fenetres-de-toit/,/installateur-de-velux-91/,,301,0
https://eric-couvreur.fr/travaux-de-couverture/,/travaux-de-couverture/,,KEEP,15
https://eric-couvreur.fr/coming-soon/,/,,301,0
https://eric-couvreur.fr/accueil/politique-de-confidentialite/,/accueil/politique-de-confidentialite/,,KEEP,0
https://eric-couvreur.fr/mentions-legales/,/mentions-legales/,,KEEP,15
https://eric-couvreur.fr/accueil/plan-du-site/,/accueil/plan-du-site/,,NOINDEX,79
https://eric-couvreur.fr/deconfinement/,/,,301,7
https://eric-couvreur.fr/isolation/,/isolation/,,KEEP,0
https://eric-couvreur.fr/isolation/isolation-des-rampants-a-villiers-le-bacle-eric-couvreur-rge/,/prestations/isolation-de-toiture-91/,,HUB,0
https://eric-couvreur.fr/isolation/isolation-des-rampants-a-villeneuve-sur-auvers-eric-couvreur-rge/,/prestations/isolation-de-toiture-91/,,HUB,0
https://eric-couvreur.fr/isolation/isolation-des-rampants-a-villiers-sur-orge-eric-couvreur-rge/,/prestations/isolation-de-toiture-91/,,HUB,0
https://eric-couvreur.fr/isolation/isolation-des-rampants-a-viry-chatillon-eric-couvreur-rge/,/prestations/isolation-de-toiture-91/,,HUB,10
https://eric-couvreur.fr/isolation/isolation-des-rampants-a-wissous-eric-couvreur-rge/,/couvreur-wissous/,wissous,PRIORITAIRE,1
https://eric-couvreur.fr/isolation/isolation-des-rampants-a-yerres-cedex-eric-couvreur-rge/,/prestations/isolation-de-toiture-91/,,HUB,0
https://eric-couvreur.fr/isolation/isolation-des-rampants-a-villabe-eric-couvreur-rge/,/prestations/isolation-de-toiture-91/,,HUB,0
https://eric-couvreur.fr/isolation/isolation-des-rampants-a-villebon-sur-yvette-eric-couvreur-rge/,/prestations/isolation-de-toiture-91/,,HUB,36
https://eric-couvreur.fr/isolation/isolation-des-rampants-a-villeconin-eric-couvreur-rge/,/prestations/isolation-de-toiture-91/,,HUB,0
https://eric-couvreur.fr/isolation/isolation-des-rampants-a-villejust-eric-couvreur-rge/,/prestations/isolation-de-toiture-91/,,HUB,0
https://eric-couvreur.fr/isolation/isolation-des-rampants-a-villemoisson-sur-orge-eric-couvreur-rge/,/prestations/isolation-de-toiture-91/,,HUB,0
https://eric-couvreur.fr/isolation/isolation-des-rampants-a-verrieres-le-buisson-eric-couvreur-rge/,/prestations/isolation-de-toiture-91/,,HUB,0
https://eric-couvreur.fr/isolation/isolation-des-rampants-a-vert-le-grand-eric-couvreur-rge/,/prestations/isolation-de-toiture-91/,,HUB,0
https://eric-couvreur.fr/isolation/isolation-des-rampants-a-vert-le-petit-eric-couvreur-rge/,/prestations/isolation-de-toiture-91/,,HUB,0
https://eric-couvreur.fr/isolation/isolation-des-rampants-a-videlles-eric-couvreur-rge/,/prestations/isolation-de-toiture-91/,,HUB,0
https://eric-couvreur.fr/isolation/isolation-des-rampants-a-vigneux-sur-seine-eric-couvreur-rge/,/prestations/isolation-de-toiture-91/,,HUB,0
https://eric-couvreur.fr/isolation/isolation-des-rampants-a-tigery-eric-couvreur-rge/,/prestations/isolation-de-toiture-91/,,HUB,0
https://eric-couvreur.fr/isolation/isolation-des-rampants-a-torfou-eric-couvreur-rge/,/prestations/isolation-de-toiture-91/,,HUB,0
https://eric-couvreur.fr/isolation/isolation-des-rampants-a-valpuiseaux-eric-couvreur-rge/,/prestations/isolation-de-toiture-91/,,HUB,0
https://eric-couvreur.fr/isolation/isolation-des-rampants-a-varennes-jarcy-eric-couvreur-rge/,/prestations/isolation-de-toiture-91/,,HUB,0
https://eric-couvreur.fr/isolation/isolation-des-rampants-a-vaugrigneuse-eric-couvreur-rge/,/prestations/isolation-de-toiture-91/,,HUB,0
https://eric-couvreur.fr/isolation/isolation-des-rampants-a-vauhallan-eric-couvreur-rge/,/prestations/isolation-de-toiture-91/,,HUB,0
https://eric-couvreur.fr/isolation/isolation-des-rampants-a-vayres-sur-essonne-eric-couvreur-rge/,/prestations/isolation-de-toiture-91/,,HUB,0
https://eric-couvreur.fr/isolation/isolation-des-rampants-a-sainte-genevieve-des-bois-eric-couvreur-rge/,/couvreur-sainte-genevieve-des-bois/,sainte-genevieve-des-bois,PRIORITAIRE,2
https://eric-couvreur.fr/isolation/isolation-des-rampants-a-saintry-sur-seine-eric-couvreur-rge/,/prestations/isolation-de-toiture-91/,,HUB,1
https://eric-couvreur.fr/isolation/isolation-des-rampants-a-saulx-les-chartreux-eric-couvreur-rge/,/prestations/isolation-de-toiture-91/,,HUB,0
https://eric-couvreur.fr/isolation/isolation-des-rampants-a-savigny-sur-orge-eric-couvreur-rge/,/couvreur-savigny-sur-orge/,savigny-sur-orge,PRIORITAIRE,0
https://eric-couvreur.fr/isolation/isolation-des-rampants-a-sermaise-eric-couvreur-rge/,/prestations/isolation-de-toiture-91/,,HUB,1
https://eric-couvreur.fr/isolation/isolation-des-rampants-a-soisy-sur-ecole-eric-couvreur-rge/,/prestations/isolation-de-toiture-91/,,HUB,0
https://eric-couvreur.fr/isolation/isolation-des-rampants-a-soisy-sur-seine-eric-couvreur-rge/,/prestations/isolation-de-toiture-91/,,HUB,0
https://eric-couvreur.fr/isolation/isolation-des-rampants-a-souzy-la-briche-eric-couvreur-rge/,/prestations/isolation-de-toiture-91/,,HUB,0
https://eric-couvreur.fr/isolation/isolation-des-rampants-a-saint-michel-sur-orge-eric-couvreur-rge/,/prestations/isolation-de-toiture-91/,,HUB,0
https://eric-couvreur.fr/isolation/isolation-des-rampants-a-saint-pierre-du-perray-eric-couvreur-rge/,/prestations/isolation-de-toiture-91/,,HUB,0
https://eric-couvreur.fr/isolation/isolation-des-rampants-a-saint-sulpice-de-favieres-eric-couvreur-rge/,/prestations/isolation-de-toiture-91/,,HUB,1
https://eric-couvreur.fr/isolation/isolation-des-rampants-a-saint-vrain-eric-couvreur-rge/,/prestations/isolation-de-toiture-91/,,HUB,0
https://eric-couvreur.fr/isolation/isolation-des-rampants-a-saint-yon-eric-couvreur-rge/,/prestations/isolation-de-toiture-91/,,HUB,0
https://eric-couvreur.fr/isolation/isolation-des-rampants-a-saint-aubin-eric-couvreur-rge/,/prestations/isolation-de-toiture-91/,,HUB,0
https://eric-couvreur.fr/isolation/isolation-des-rampants-a-saint-cheron-eric-couvreur-rge/,/prestations/isolation-de-toiture-91/,,HUB,1
https://eric-couvreur.fr/isolation/isolation-des-rampants-a-saint-cyr-la-riviere-eric-couvreur-rge/,/prestations/isolation-de-toiture-91/,,HUB,0
https://eric-couvreur.fr/isolation/isolation-des-rampants-a-saint-cyr-sous-dourdan-eric-couvreur-rge/,/prestations/isolation-de-toiture-91/,,HUB,0
https://eric-couvreur.fr/isolation/isolation-des-rampants-a-saint-escobille-eric-couvreur-rge/,/prestations/isolation-de-toiture-91/,,HUB,0
https://eric-couvreur.fr/isolation/isolation-des-rampants-a-saint-germain-les-arpajon-eric-couvreur-rge/,/prestations/isolation-de-toiture-91/,,HUB,0
https://eric-couvreur.fr/isolation/isolation-des-rampants-a-saint-germain-les-corbeil-eric-couvreur-rge/,/prestations/isolation-de-toiture-91/,,HUB,0
https://eric-couvreur.fr/isolation/isolation-des-rampants-a-saint-hilaire-eric-couvreur-rge/,/prestations/isolation-de-toiture-91/,,HUB,0
https://eric-couvreur.fr/isolation/isolation-des-rampants-a-saint-jean-de-beauregard-eric-couvreur-rge/,/prestations/isolation-de-toiture-91/,,HUB,1
https://eric-couvreur.fr/isolation/isolation-des-rampants-a-saint-maurice-montcouronne-eric-couvreur-rge/,/prestations/isolation-de-toiture-91/,,HUB,0
https://eric-couvreur.fr/isolation/isolation-des-rampants-a-puiselet-le-marais-eric-couvreur-rge/,/prestations/isolation-de-toiture-91/,,HUB,0
https://eric-couvreur.fr/isolation/isolation-des-rampants-a-pussay-eric-couvreur-rge/,/prestations/isolation-de-toiture-91/,,HUB,0
https://eric-couvreur.fr/isolation/isolation-des-rampants-a-quincy-sous-senart-eric-couvreur-rge/,/prestations/isolation-de-toiture-91/,,HUB,2
https://eric-couvreur.fr/isolation/isolation-des-rampants-a-richarville-eric-couvreur-rge/,/prestations/isolation-de-toiture-91/,,HUB,0
https://eric-couvreur.fr/isolation/isolation-des-rampants-a-ris-orangis-eric-couvreur-rge/,/prestations/isolation-de-toiture-91/,,HUB,0
https://eric-couvreur.fr/isolation/isolation-des-rampants-a-roinville-eric-couvreur-rge/,/prestations/isolation-de-toiture-91/,,HUB,0
https://eric-couvreur.fr/isolation/isolation-des-rampants-a-roinvilliers-eric-couvreur-rge/,/prestations/isolation-de-toiture-91/,,HUB,0
https://eric-couvreur.fr/isolation/isolation-des-rampants-a-saclas-eric-couvreur-rge/,/couvreur-saclas/,saclas,PRIORITAIRE,0
https://eric-couvreur.fr/isolation/isolation-des-rampants-a-saclay-eric-couvreur-rge/,/prestations/isolation-de-toiture-91/,,HUB,0
https://eric-couvreur.fr/isolation/isolation-des-rampants-a-orveau-eric-couvreur-rge/,/prestations/isolation-de-toiture-91/,,HUB,0
https://eric-couvreur.fr/isolation/isolation-des-rampants-a-palaiseau-cedex-eric-couvreur-rge/,/couvreur-palaiseau/,palaiseau,PRIORITAIRE,0
https://eric-couvreur.fr/isolation/isolation-des-rampants-a-paray-vieille-poste-eric-couvreur-rge/,/prestations/isolation-de-toiture-91/,,HUB,0
https://eric-couvreur.fr/isolation/isolation-des-rampants-a-pecqueuse-eric-couvreur-rge/,/couvreur-pecqueuse/,pecqueuse,PRIORITAIRE,0
https://eric-couvreur.fr/isolation/isolation-des-rampants-a-plessis-saint-benoist-eric-couvreur-rge/,/prestations/isolation-de-toiture-91/,,HUB,0
https://eric-couvreur.fr/isolation/isolation-des-rampants-a-prunay-sur-essonne-eric-couvreur-rge/,/prestations/isolation-de-toiture-91/,,HUB,0
https://eric-couvreur.fr/isolation/isolation-des-rampants-a-ormoy-la-riviere-eric-couvreur-rge/,/prestations/isolation-de-toiture-91/,,HUB,0
https://eric-couvreur.fr/isolation/isolation-des-rampants-a-orsay-cedex-eric-couvreur-rge/,/couvreur-orsay/,orsay,PRIORITAIRE,0
https://eric-couvreur.fr/isolation/isolation-des-rampants-a-morigny-champigny-eric-couvreur-rge/,/prestations/isolation-de-toiture-91/,,HUB,2
https://eric-couvreur.fr/isolation/isolation-des-rampants-a-morsang-sur-orge-eric-couvreur-rge/,/couvreur-morsang-sur-orge/,morsang-sur-orge,PRIORITAIRE,0
https://eric-couvreur.fr/isolation/isolation-des-rampants-a-morsang-sur-seine-eric-couvreur-rge/,/prestations/isolation-de-toiture-91/,,HUB,0
https://eric-couvreur.fr/isolation/isolation-des-rampants-a-nainville-les-roches-eric-couvreur-rge/,/prestations/isolation-de-toiture-91/,,HUB,0
https://eric-couvreur.fr/isolation/isolation-des-rampants-a-nozay-eric-couvreur-rge/,/prestations/isolation-de-toiture-91/,,HUB,1
https://eric-couvreur.fr/isolation/isolation-des-rampants-a-ollainville-eric-couvreur-rge/,/prestations/isolation-de-toiture-91/,,HUB,0
https://eric-couvreur.fr/isolation/isolation-des-rampants-a-oncy-sur-ecole-eric-couvreur-rge/,/prestations/isolation-de-toiture-91/,,HUB,0
https://eric-couvreur.fr/isolation/isolation-des-rampants-a-ormoy-eric-couvreur-rge/,/prestations/isolation-de-toiture-91/,,HUB,0
https://eric-couvreur.fr/isolation/isolation-des-rampants-a-mereville-eric-couvreur-rge/,/couvreur-mereville/,mereville,PRIORITAIRE,0
https://eric-couvreur.fr/isolation/isolation-des-rampants-a-merobert-eric-couvreur-rge/,/prestations/isolation-de-toiture-91/,,HUB,0
https://eric-couvreur.fr/isolation/isolation-des-rampants-a-mespuits-eric-couvreur-rge/,/prestations/isolation-de-toiture-91/,,HUB,0
https://eric-couvreur.fr/isolation/isolation-des-rampants-a-milly-la-foret-eric-couvreur-rge/,/couvreur-milly-la-foret/,milly-la-foret,PRIORITAIRE,0
https://eric-couvreur.fr/isolation/isolation-des-rampants-a-moigny-sur-ecole-eric-couvreur-rge/,/prestations/isolation-de-toiture-91/,,HUB,0
https://eric-couvreur.fr/isolation/isolation-des-rampants-a-mondeville-eric-couvreur-rge/,/prestations/isolation-de-toiture-91/,,HUB,0
https://eric-couvreur.fr/isolation/isolation-des-rampants-a-monnerville-eric-couvreur-rge/,/prestations/isolation-de-toiture-91/,,HUB,0
https://eric-couvreur.fr/isolation/isolation-des-rampants-a-montgeron-eric-couvreur-rge/,/couvreur-montgeron/,montgeron,PRIORITAIRE,2
https://eric-couvreur.fr/isolation/isolation-des-rampants-a-montlhery-eric-couvreur-rge/,/prestations/isolation-de-toiture-91/,,HUB,2
https://eric-couvreur.fr/isolation/isolation-des-rampants-a-morangis-eric-couvreur-rge/,/prestations/isolation-de-toiture-91/,,HUB,0
https://eric-couvreur.fr/isolation/isolation-des-rampants-a-marolles-en-beauce-eric-couvreur-rge/,/prestations/isolation-de-toiture-91/,,HUB,0
https://eric-couvreur.fr/isolation/isolation-des-rampants-a-marolles-en-hurepoix-eric-couvreur-rge/,/prestations/isolation-de-toiture-91/,,HUB,0
https://eric-couvreur.fr/isolation/isolation-des-rampants-a-massy-eric-couvreur-rge/,/prestations/isolation-de-toiture-91/,,HUB,3
https://eric-couvreur.fr/isolation/isolation-des-rampants-a-mauchamps-eric-couvreur-rge/,/prestations/isolation-de-toiture-91/,,HUB,0
https://eric-couvreur.fr/isolation/isolation-des-rampants-a-mennecy-eric-couvreur-rge/,/prestations/isolation-de-toiture-91/,,HUB,0
https://eric-couvreur.fr/isolation/isolation-des-rampants-a-les-ulis-eric-couvreur-rge/,/prestations/isolation-de-toiture-91/,,HUB,17
https://eric-couvreur.fr/isolation/isolation-des-rampants-a-leudeville-eric-couvreur-rge/,/prestations/isolation-de-toiture-91/,,HUB,0
https://eric-couvreur.fr/isolation/isolation-des-rampants-a-leuville-sur-orge-eric-couvreur-rge/,/prestations/isolation-de-toiture-91/,,HUB,1
https://eric-couvreur.fr/isolation/isolation-des-rampants-a-limours-eric-couvreur-rge/,/prestations/isolation-de-toiture-91/,,HUB,0
https://eric-couvreur.fr/isolation/isolation-des-rampants-a-linas-eric-couvreur-rge/,/couvreur-linas/,linas,PRIORITAIRE,0
https://eric-couvreur.fr/isolation/isolation-des-rampants-a-lisses-eric-couvreur-rge/,/prestations/isolation-de-toiture-91/,,HUB,0
https://eric-couvreur.fr/isolation/isolation-des-rampants-a-longjumeau-eric-couvreur-rge/,/prestations/isolation-de-toiture-91/,,HUB,0
https://eric-couvreur.fr/isolation/isolation-des-rampants-a-longpont-sur-orge-eric-couvreur-rge/,/prestations/isolation-de-toiture-91/,,HUB,6
https://eric-couvreur.fr/isolation/isolation-des-rampants-a-maisse-eric-couvreur-rge/,/prestations/isolation-de-toiture-91/,,HUB,0
https://eric-couvreur.fr/isolation/isolation-des-rampants-a-marcoussis-eric-couvreur-rge/,/prestations/isolation-de-toiture-91/,,HUB,0
https://eric-couvreur.fr/isolation/isolation-des-rampants-a-le-coudray-montceaux-eric-couvreur-rge/,/prestations/isolation-de-toiture-91/,,HUB,0
https://eric-couvreur.fr/isolation/isolation-des-rampants-a-le-plessis-pate-eric-couvreur-rge/,/prestations/isolation-de-toiture-91/,,HUB,0
https://eric-couvreur.fr/isolation/isolation-des-rampants-a-le-val-saint-germain-eric-couvreur-rge/,/prestations/isolation-de-toiture-91/,,HUB,0
https://eric-couvreur.fr/isolation/isolation-des-rampants-a-les-granges-le-roi-eric-couvreur-rge/,/prestations/isolation-de-toiture-91/,,HUB,1
https://eric-couvreur.fr/isolation/isolation-des-rampants-a-les-molieres-eric-couvreur-rge/,/prestations/isolation-de-toiture-91/,,HUB,0
https://eric-couvreur.fr/isolation/isolation-des-rampants-a-la-foret-le-roi-eric-couvreur-rge/,/prestations/isolation-de-toiture-91/,,HUB,0
https://eric-couvreur.fr/isolation/isolation-des-rampants-a-la-foret-sainte-croix-eric-couvreur-rge/,/prestations/isolation-de-toiture-91/,,HUB,0
https://eric-couvreur.fr/isolation/isolation-des-rampants-a-la-norville-eric-couvreur-rge/,/prestations/isolation-de-toiture-91/,,HUB,17
https://eric-couvreur.fr/isolation/isolation-des-rampants-a-la-ville-du-bois-eric-couvreur-rge/,/couvreur-la-ville-du-bois/,la-ville-du-bois,PRIORITAIRE,0
https://eric-couvreur.fr/isolation/isolation-des-rampants-a-lardy-eric-couvreur-rge/,/prestations/isolation-de-toiture-91/,,HUB,0
https://eric-couvreur.fr/isolation/isolation-des-rampants-a-grigny-eric-couvreur-rge/,/prestations/isolation-de-toiture-91/,,HUB,0
https://eric-couvreur.fr/isolation/isolation-des-rampants-a-guibeville-eric-couvreur-rge/,/prestations/isolation-de-toiture-91/,,HUB,0
https://eric-couvreur.fr/isolation/isolation-des-rampants-a-guigneville-sur-essonne-eric-couvreur-rge/,/prestations/isolation-de-toiture-91/,,HUB,0
https://eric-couvreur.fr/isolation/isolation-des-rampants-a-guillerval-eric-couvreur-rge/,/prestations/isolation-de-toiture-91/,,HUB,0
https://eric-couvreur.fr/isolation/isolation-des-rampants-a-igny-eric-couvreur-rge/,/couvreur-igny/,igny,PRIORITAIRE,0
https://eric-couvreur.fr/isolation/isolation-des-rampants-a-itteville-eric-couvreur-rge/,/prestations/isolation-de-toiture-91/,,HUB,0
https://eric-couvreur.fr/isolation/isolation-des-rampants-a-janville-sur-juine-eric-couvreur-rge/,/prestations/isolation-de-toiture-91/,,HUB,1
https://eric-couvreur.fr/isolation/isolation-des-rampants-a-janvry-eric-couvreur-rge/,/prestations/isolation-de-toiture-91/,,HUB,0
https://eric-couvreur.fr/isolation/isolation-des-rampants-a-juvisy-sur-orge-eric-couvreur-rge/,/prestations/isolation-de-toiture-91/,,HUB,0
https://eric-couvreur.fr/isolation/isolation-des-rampants-a-la-ferte-alais-eric-couvreur-rge/,/prestations/isolation-de-toiture-91/,,HUB,0
https://eric-couvreur.fr/isolation/isolation-des-rampants-a-forges-les-bains-eric-couvreur-rge/,/prestations/isolation-de-toiture-91/,,HUB,0
https://eric-couvreur.fr/isolation/isolation-des-rampants-a-gif-sur-yvette-eric-couvreur-rge/,/couvreur-gif-sur-yvette/,gif-sur-yvette,PRIORITAIRE,0
https://eric-couvreur.fr/isolation/isolation-des-rampants-a-gironville-sur-essonne-eric-couvreur-rge/,/prestations/isolation-de-toiture-91/,,HUB,0
https://eric-couvreur.fr/isolation/isolation-des-rampants-a-gometz-la-ville-eric-couvreur-rge/,/prestations/isolation-de-toiture-91/,,HUB,0
https://eric-couvreur.fr/isolation/isolation-des-rampants-a-gometz-le-chatel-eric-couvreur-rge/,/prestations/isolation-de-toiture-91/,,HUB,0
https://eric-couvreur.fr/isolation/isolation-des-rampants-a-epinay-sur-orge-eric-couvreur-rge/,/prestations/isolation-de-toiture-91/,,HUB,1
https://eric-couvreur.fr/isolation/isolation-des-rampants-a-estouches-eric-couvreur-rge/,/prestations/isolation-de-toiture-91/,,HUB,0
https://eric-couvreur.fr/isolation/isolation-des-rampants-a-etampes-eric-couvreur-rge/,/prestations/isolation-de-toiture-91/,,HUB,0
https://eric-couvreur.fr/isolation/isolation-des-rampants-a-etiolles-eric-couvreur-rge/,/prestations/isolation-de-toiture-91/,,HUB,0
https://eric-couvreur.fr/isolation/isolation-des-rampants-a-etrechy-eric-couvreur-rge/,/couvreur-etrechy/,etrechy,PRIORITAIRE,0
https://eric-couvreur.fr/isolation/isolation-des-rampants-a-evry-cedex-eric-couvreur-rge/,/couvreur-evry/,evry,PRIORITAIRE,77
https://eric-couvreur.fr/isolation/isolation-des-rampants-a-fleury-merogis-eric-couvreur-rge/,/prestations/isolation-de-toiture-91/,,HUB,2
https://eric-couvreur.fr/isolation/isolation-des-rampants-a-fontaine-la-riviere-eric-couvreur-rge/,/prestations/isolation-de-toiture-91/,,HUB,0
https://eric-couvreur.fr/isolation/isolation-des-rampants-a-fontenay-le-vicomte-eric-couvreur-rge/,/prestations/isolation-de-toiture-91/,,HUB,0
https://eric-couvreur.fr/isolation/isolation-des-rampants-a-fontenay-les-briis-eric-couvreur-rge/,/prestations/isolation-de-toiture-91/,,HUB,0
https://eric-couvreur.fr/isolation/isolation-des-rampants-a-dourdan-cedex-eric-couvreur-rge/,/prestations/isolation-de-toiture-91/,,HUB,0
https://eric-couvreur.fr/isolation/isolation-des-rampants-a-draveil-eric-couvreur-rge/,/couvreur-draveil/,draveil,PRIORITAIRE,3
https://eric-couvreur.fr/isolation/isolation-des-rampants-a-echarcon-eric-couvreur-rge/,/prestations/isolation-de-toiture-91/,,HUB,0
https://eric-couvreur.fr/isolation/isolation-des-rampants-a-egly-eric-couvreur-rge/,/prestations/isolation-de-toiture-91/,,HUB,0
https://eric-couvreur.fr/isolation/isolation-des-rampants-a-epinay-sous-senart-eric-couvreur-rge/,/prestations/isolation-de-toiture-91/,,HUB,0
https://eric-couvreur.fr/isolation/isolation-des-rampants-a-courdimanche-sur-essonne-eric-couvreur-rge/,/prestations/isolation-de-toiture-91/,,HUB,0
https://eric-couvreur.fr/isolation/isolation-des-rampants-a-courson-monteloup-eric-couvreur-rge/,/prestations/isolation-de-toiture-91/,,HUB,0
https://eric-couvreur.fr/isolation/isolation-des-rampants-a-crosne-eric-couvreur-rge/,/prestations/isolation-de-toiture-91/,,HUB,0
https://eric-couvreur.fr/isolation/isolation-des-rampants-a-dhuison-longueville-eric-couvreur-rge/,/prestations/isolation-de-toiture-91/,,HUB,4
https://eric-couvreur.fr/isolation/isolation-des-rampants-a-dannemois-eric-couvreur-rge/,/prestations/isolation-de-toiture-91/,,HUB,0
https://eric-couvreur.fr/isolation/isolation-des-rampants-a-congerville-thionville-eric-couvreur-rge/,/prestations/isolation-de-toiture-91/,,HUB,0
https://eric-couvreur.fr/isolation/isolation-des-rampants-a-corbeil-essonnes-cedex-eric-couvreur-rge/,/couvreur-corbeil-essonnes/,corbeil-essonnes,PRIORITAIRE,4
https://eric-couvreur.fr/isolation/isolation-des-rampants-a-corbreuse-eric-couvreur-rge/,/prestations/isolation-de-toiture-91/,,HUB,0
https://eric-couvreur.fr/isolation/isolation-des-rampants-a-courances-eric-couvreur-rge/,/prestations/isolation-de-toiture-91/,,HUB,0
https://eric-couvreur.fr/isolation/isolation-des-rampants-a-courcouronnes-eric-couvreur-rge/,/prestations/isolation-de-toiture-91/,,HUB,1
https://eric-couvreur.fr/isolation/isolation-des-rampants-a-chatignonville-eric-couvreur-rge/,/prestations/isolation-de-toiture-91/,,HUB,0
https://eric-couvreur.fr/isolation/isolation-des-rampants-a-chauffour-les-etrechy-eric-couvreur-rge/,/prestations/isolation-de-toiture-91/,,HUB,0
https://eric-couvreur.fr/isolation/isolation-des-rampants-a-cheptainville-eric-couvreur-rge/,/prestations/isolation-de-toiture-91/,,HUB,0
https://eric-couvreur.fr/isolation/isolation-des-rampants-a-chevannes-eric-couvreur-rge/,/prestations/isolation-de-toiture-91/,,HUB,0
https://eric-couvreur.fr/isolation/isolation-des-rampants-a-chilly-mazarin-eric-couvreur-rge/,/prestations/isolation-de-toiture-91/,,HUB,0
https://eric-couvreur.fr/isolation/isolation-des-rampants-a-bruyeres-le-chatel-eric-couvreur-rge/,/prestations/isolation-de-toiture-91/,,HUB,0
https://eric-couvreur.fr/isolation/isolation-des-rampants-a-buno-bonnevaux-eric-couvreur-rge/,/prestations/isolation-de-toiture-91/,,HUB,0
https://eric-couvreur.fr/isolation/isolation-des-rampants-a-bures-sur-yvette-eric-couvreur-rge/,/prestations/isolation-de-toiture-91/,,HUB,2
https://eric-couvreur.fr/isolation/isolation-des-rampants-a-cerny-eric-couvreur-rge/,/prestations/isolation-de-toiture-91/,,HUB,0
https://eric-couvreur.fr/isolation/isolation-des-rampants-a-chalo-saint-mars-eric-couvreur-rge/,/prestations/isolation-de-toiture-91/,,HUB,0
https://eric-couvreur.fr/isolation/isolation-des-rampants-a-chalou-moulineux-eric-couvreur-rge/,/prestations/isolation-de-toiture-91/,,HUB,0
https://eric-couvreur.fr/isolation/isolation-des-rampants-a-chamarande-eric-couvreur-rge/,/prestations/isolation-de-toiture-91/,,HUB,0
https://eric-couvreur.fr/isolation/isolation-des-rampants-a-champcueil-eric-couvreur-rge/,/prestations/isolation-de-toiture-91/,,HUB,0
https://eric-couvreur.fr/isolation/isolation-des-rampants-a-champlan-eric-couvreur-rge/,/couvreur-champlan/,champlan,PRIORITAIRE,5
https://eric-couvreur.fr/isolation/isolation-des-rampants-a-champmotteux-eric-couvreur-rge/,/prestations/isolation-de-toiture-91/,,HUB,0
https://eric-couvreur.fr/isolation/isolation-des-rampants-a-boutervilliers-eric-couvreur-rge/,/prestations/isolation-de-toiture-91/,,HUB,0
https://eric-couvreur.fr/isolation/isolation-des-rampants-a-boutigny-sur-essonne-eric-couvreur-rge/,/prestations/isolation-de-toiture-91/,,HUB,0
https://eric-couvreur.fr/isolation/isolation-des-rampants-a-bouville-eric-couvreur-rge/,/prestations/isolation-de-toiture-91/,,HUB,0
https://eric-couvreur.fr/isolation/isolation-des-rampants-a-bretigny-sur-orge-cedex-eric-couvreur-rge/,/prestations/isolation-de-toiture-91/,,HUB,0
https://eric-couvreur.fr/isolation/isolation-des-rampants-a-breuillet-eric-couvreur-rge/,/prestations/isolation-de-toiture-91/,,HUB,3
https://eric-couvreur.fr/isolation/isolation-des-rampants-a-breux-jouy-eric-couvreur-rge/,/prestations/isolation-de-toiture-91/,,HUB,1
https://eric-couvreur.fr/isolation/isolation-des-rampants-a-brieres-les-scelles-eric-couvreur-rge/,/prestations/isolation-de-toiture-91/,,HUB,0
https://eric-couvreur.fr/isolation/isolation-des-rampants-a-briis-sous-forges-eric-couvreur-rge/,/prestations/isolation-de-toiture-91/,,HUB,24
https://eric-couvreur.fr/isolation/isolation-des-rampants-a-brouy-eric-couvreur-rge/,/prestations/isolation-de-toiture-91/,,HUB,0
https://eric-couvreur.fr/isolation/isolation-des-rampants-a-brunoy-eric-couvreur-rge/,/prestations/isolation-de-toiture-91/,,HUB,4
https://eric-couvreur.fr/isolation/isolation-des-rampants-a-boissy-sous-saint-yon-eric-couvreur-rge/,/prestations/isolation-de-toiture-91/,,HUB,0
https://eric-couvreur.fr/isolation/isolation-des-rampants-a-bondoufle-eric-couvreur-rge/,/prestations/isolation-de-toiture-91/,,HUB,0
https://eric-couvreur.fr/isolation/isolation-des-rampants-a-boullay-les-troux-eric-couvreur-rge/,/prestations/isolation-de-toiture-91/,,HUB,0
https://eric-couvreur.fr/isolation/isolation-des-rampants-a-bouray-sur-juine-eric-couvreur-rge/,/prestations/isolation-de-toiture-91/,,HUB,0
https://eric-couvreur.fr/isolation/isolation-des-rampants-a-boussy-saint-antoine-eric-couvreur-rge/,/prestations/isolation-de-toiture-91/,,HUB,1
https://eric-couvreur.fr/isolation/isolation-des-rampants-a-ballainvilliers-eric-couvreur-rge/,/prestations/isolation-de-toiture-91/,,HUB,2
https://eric-couvreur.fr/isolation/isolation-des-rampants-a-ballancourt-sur-essonne-cedex-eric-couvreur-rge/,/prestations/isolation-de-toiture-91/,,HUB,26
https://eric-couvreur.fr/isolation/isolation-des-rampants-a-baulne-eric-couvreur-rge/,/prestations/isolation-de-toiture-91/,,HUB,0
https://eric-couvreur.fr/isolation/isolation-des-rampants-a-bievres-eric-couvreur-rge/,/prestations/isolation-de-toiture-91/,,HUB,0
https://eric-couvreur.fr/isolation/isolation-des-rampants-a-blandy-eric-couvreur-rge/,/prestations/isolation-de-toiture-91/,,HUB,0
https://eric-couvreur.fr/isolation/isolation-des-rampants-a-boigneville-eric-couvreur-rge/,/prestations/isolation-de-toiture-91/,,HUB,0
https://eric-couvreur.fr/isolation/isolation-des-rampants-a-bois-herpin-eric-couvreur-rge/,/prestations/isolation-de-toiture-91/,,HUB,0
https://eric-couvreur.fr/isolation/isolation-des-rampants-a-boissy-la-riviere-eric-couvreur-rge/,/prestations/isolation-de-toiture-91/,,HUB,0
https://eric-couvreur.fr/isolation/isolation-des-rampants-a-boissy-le-cutte-eric-couvreur-rge/,/prestations/isolation-de-toiture-91/,,HUB,1
https://eric-couvreur.fr/isolation/isolation-des-rampants-a-boissy-le-sec-eric-couvreur-rge/,/prestations/isolation-de-toiture-91/,,HUB,0
https://eric-couvreur.fr/isolation/isolation-des-rampants-a-athis-mons-eric-couvreur-rge/,/prestations/isolation-de-toiture-91/,,HUB,4
https://eric-couvreur.fr/isolation/isolation-des-rampants-a-authon-la-plaine-eric-couvreur-rge/,/prestations/isolation-de-toiture-91/,,HUB,0
https://eric-couvreur.fr/isolation/isolation-des-rampants-a-auvernaux-eric-couvreur-rge/,/prestations/isolation-de-toiture-91/,,HUB,0
https://eric-couvreur.fr/isolation/isolation-des-rampants-a-auvers-saint-georges-eric-couvreur-rge/,/prestations/isolation-de-toiture-91/,,HUB,1
https://eric-couvreur.fr/isolation/isolation-des-rampants-a-avrainville-eric-couvreur-rge/,/prestations/isolation-de-toiture-91/,,HUB,0
https://eric-couvreur.fr/isolation/isolation-des-rampants-a-abbeville-la-riviere-eric-couvreur-rge/,/prestations/isolation-de-toiture-91/,,HUB,10
https://eric-couvreur.fr/isolation/isolation-des-rampants-a-angerville-eric-couvreur-rge/,/prestations/isolation-de-toiture-91/,,HUB,0
https://eric-couvreur.fr/isolation/isolation-des-rampants-a-angervilliers-eric-couvreur-rge/,/prestations/isolation-de-toiture-91/,,HUB,0
https://eric-couvreur.fr/isolation/isolation-des-rampants-a-arpajon-eric-couvreur-rge/,/couvreur-arpajon/,arpajon,PRIORITAIRE,41
https://eric-couvreur.fr/isolation/isolation-des-rampants-a-arrancourt-eric-couvreur-rge/,/prestations/isolation-de-toiture-91/,,HUB,0
https://eric-couvreur.fr/isolation/isolation-des-rampants-a-linas/,/couvreur-linas/,linas,PRIORITAIRE,3
https://eric-couvreur.fr/prestations/,/prestations/,,KEEP,1
https://eric-couvreur.fr/prestations/isolation-de-toiture-91/,/prestations/isolation-de-toiture-91/,,KEEP,61
https://eric-couvreur.fr/prestations/ramonage-91/,/prestations/ramonage-91/,,KEEP,15
https://eric-couvreur.fr/prestations/ravalement-de-facade-91/,/prestations/ravalement-de-facade-91/,,KEEP,20
https://eric-couvreur.fr/prestations/renovation-detoiture/,/prestations/renovation-detoiture/,,KEEP,34
https://eric-couvreur.fr/artisan/,/artisan/,,KEEP,0
https://eric-couvreur.fr/artisan/couvreur-rge-a-marolles-en-hurepoix-91630/,/travaux-de-couverture/,,HUB,0
https://eric-couvreur.fr/artisan/couvreur-rge-a-lardy-91510/,/travaux-de-couverture/,,HUB,125
https://eric-couvreur.fr/artisan/couvreur-rge-a-villeconin-91580/,/travaux-de-couverture/,,HUB,2
https://eric-couvreur.fr/artisan/couvreur-rge-a-sainte-genevieve-des-bois-91700/,/couvreur-sainte-genevieve-des-bois/,sainte-genevieve-des-bois,PRIORITAIRE,3
https://eric-couvreur.fr/artisan/couvreur-rge-a-bruyeres-le-chatel-91680/,/travaux-de-couverture/,,HUB,0
https://eric-couvreur.fr/artisan/couvreur-rge-a-savigny-sur-orge-91600/,/couvreur-savigny-sur-orge/,savigny-sur-orge,PRIORITAIRE,0
https://eric-couvreur.fr/artisan/couvreur-rge-a-saint-cyr-sous-dourdan-91410/,/travaux-de-couverture/,,HUB,3
https://eric-couvreur.fr/artisan/couvreur-rge-a-ollainville-91290/,/travaux-de-couverture/,,HUB,0
https://eric-couvreur.fr/artisan/couvreur-rge-a-mespuits-91150/,/travaux-de-couverture/,,HUB,0
https://eric-couvreur.fr/artisan/couvreur-rge-a-plessis-saint-benoist-91410/,/travaux-de-couverture/,,HUB,1
https://eric-couvreur.fr/artisan/couvreur-rge-a-courdimanche-sur-essonne-91720/,/travaux-de-couverture/,,HUB,0
https://eric-couvreur.fr/artisan/couvreur-rge-a-courances-91490/,/travaux-de-couverture/,,HUB,0
https://eric-couvreur.fr/artisan/couvreur-rge-a-limours-91470/,/travaux-de-couverture/,,HUB,2
https://eric-couvreur.fr/artisan/couvreur-rge-a-molieres-91470/,/travaux-de-couverture/,,HUB,0
https://eric-couvreur.fr/artisan/couvreur-rge-a-longjumeau-91160/,/travaux-de-couverture/,,HUB,0
https://eric-couvreur.fr/artisan/couvreur-rge-a-saint-yon-91650/,/travaux-de-couverture/,,HUB,0
https://eric-couvreur.fr/artisan/couvreur-rge-a-janville-sur-juine-91510/,/travaux-de-couverture/,,HUB,0
https://eric-couvreur.fr/artisan/couvreur-rge-a-etiolles-91450/,/travaux-de-couverture/,,HUB,2
https://eric-couvreur.fr/artisan/couvreur-rge-a-linas-91310/,/couvreur-linas/,linas,PRIORITAIRE,0
https://eric-couvreur.fr/artisan/couvreur-rge-a-saclas-91690/,/couvreur-saclas/,saclas,PRIORITAIRE,500
https://eric-couvreur.fr/artisan/couvreur-rge-a-chauffour-les-etrechy-91580/,/travaux-de-couverture/,,HUB,0
https://eric-couvreur.fr/artisan/couvreur-rge-a-saint-jean-de-beauregard-91940/,/travaux-de-couverture/,,HUB,0
https://eric-couvreur.fr/artisan/couvreur-rge-a-morsang-sur-orge-91390/,/couvreur-morsang-sur-orge/,morsang-sur-orge,PRIORITAIRE,190
https://eric-couvreur.fr/artisan/couvreur-rge-a-juvisy-sur-orge-91260/,/travaux-de-couverture/,,HUB,0
https://eric-couvreur.fr/artisan/couvreur-rge-a-chalo-saint-mars-91780/,/travaux-de-couverture/,,HUB,0
https://eric-couvreur.fr/artisan/couvreur-rge-a-vauhallan-91430/,/travaux-de-couverture/,,HUB,0
https://eric-couvreur.fr/artisan/couvreur-rge-a-chalou-moulineux-91740/,/travaux-de-couverture/,,HUB,0
https://eric-couvreur.fr/artisan/couvreur-rge-a-vert-le-grand-91810/,/travaux-de-couverture/,,HUB,39
https://eric-couvreur.fr/artisan/couvreur-rge-a-montgeron-91230/,/couvreur-montgeron/,montgeron,PRIORITAIRE,0
https://eric-couvreur.fr/artisan/couvreur-rge-a-saulx-les-chartreux-91160/,/travaux-de-couverture/,,HUB,0
https://eric-couvreur.fr/artisan/couvreur-rge-a-pecqueuse-91470/,/couvreur-pecqueuse/,pecqueuse,PRIORITAIRE,0
https://eric-couvreur.fr/artisan/couvreur-rge-a-corbreuse-91410/,/travaux-de-couverture/,,HUB,0
https://eric-couvreur.fr/artisan/couvreur-rge-a-bretigny-sur-orge-91220/,/travaux-de-couverture/,,HUB,0
https://eric-couvreur.fr/artisan/couvreur-rge-a-boissy-le-sec-91870/,/travaux-de-couverture/,,HUB,0
https://eric-couvreur.fr/artisan/couvreur-rge-a-villemoisson-sur-orge-91360/,/travaux-de-couverture/,,HUB,0
https://eric-couvreur.fr/artisan/couvreur-rge-a-saint-cheron-91530/,/travaux-de-couverture/,,HUB,0
https://eric-couvreur.fr/artisan/couvreur-rge-a-bondoufle-91070/,/travaux-de-couverture/,,HUB,0
https://eric-couvreur.fr/artisan/couvreur-rge-a-coudray-montceaux-91830/,/travaux-de-couverture/,,HUB,24
https://eric-couvreur.fr/artisan/couvreur-rge-a-roinville-91410/,/travaux-de-couverture/,,HUB,0
https://eric-couvreur.fr/artisan/couvreur-rge-a-brouy-91150/,/travaux-de-couverture/,,HUB,0
https://eric-couvreur.fr/artisan/couvreur-rge-a-saint-vrain-91770/,/travaux-de-couverture/,,HUB,1
https://eric-couvreur.fr/artisan/couvreur-rge-a-sermaise-91530/,/travaux-de-couverture/,,HUB,0
https://eric-couvreur.fr/artisan/couvreur-rge-a-saint-aubin-91190/,/travaux-de-couverture/,,HUB,0
https://eric-couvreur.fr/artisan/couvreur-rge-a-villeneuve-sur-auvers-91580/,/travaux-de-couverture/,,HUB,0
https://eric-couvreur.fr/artisan/couvreur-rge-a-saclay-91400/,/travaux-de-couverture/,,HUB,0
https://eric-couvreur.fr/artisan/couvreur-rge-a-egly-91520/,/travaux-de-couverture/,,HUB,103
https://eric-couvreur.fr/artisan/couvreur-rge-a-morigny-champigny-91150/,/travaux-de-couverture/,,HUB,0
https://eric-couvreur.fr/artisan/couvreur-rge-a-prunay-sur-essonne-91720/,/travaux-de-couverture/,,HUB,0
https://eric-couvreur.fr/artisan/couvreur-rge-a-saint-germain-les-corbeil-91250/,/travaux-de-couverture/,,HUB,0
https://eric-couvreur.fr/artisan/couvreur-rge-a-buno-bonnevaux-91720/,/travaux-de-couverture/,,HUB,3
https://eric-couvreur.fr/artisan/couvreur-rge-a-torfou-91730/,/travaux-de-couverture/,,HUB,0
https://eric-couvreur.fr/artisan/couvreur-rge-a-fontaine-la-riviere-91690/,/travaux-de-couverture/,,HUB,0
https://eric-couvreur.fr/artisan/couvreur-rge-a-itteville-91760/,/travaux-de-couverture/,,HUB,198
https://eric-couvreur.fr/artisan/couvreur-rge-a-breuillet-91650/,/travaux-de-couverture/,,HUB,55
https://eric-couvreur.fr/artisan/couvreur-rge-a-villiers-le-bacle-91190/,/travaux-de-couverture/,,HUB,0
https://eric-couvreur.fr/artisan/couvreur-rge-a-cheptainville-91630/,/travaux-de-couverture/,,HUB,27
https://eric-couvreur.fr/artisan/couvreur-rge-a-ferte-alais-91590/,/travaux-de-couverture/,,HUB,0
https://eric-couvreur.fr/artisan/couvreur-rge-a-yerres-91330/,/travaux-de-couverture/,,HUB,84
https://eric-couvreur.fr/artisan/couvreur-rge-a-paray-vieille-poste-91550/,/travaux-de-couverture/,,HUB,0
https://eric-couvreur.fr/artisan/couvreur-rge-a-saint-germain-les-arpajon-91180/,/travaux-de-couverture/,,HUB,0
https://eric-couvreur.fr/artisan/couvreur-rge-a-saint-maurice-montcouronne-91530/,/travaux-de-couverture/,,HUB,0
https://eric-couvreur.fr/artisan/couvreur-rge-a-gif-sur-yvette-91190/,/couvreur-gif-sur-yvette/,gif-sur-yvette,PRIORITAIRE,38
https://eric-couvreur.fr/artisan/couvreur-rge-a-pussay-91740/,/travaux-de-couverture/,,HUB,0
https://eric-couvreur.fr/artisan/couvreur-rge-a-morangis-91420/,/travaux-de-couverture/,,HUB,0
https://eric-couvreur.fr/artisan/couvreur-rge-a-villiers-sur-orge-91700/,/travaux-de-couverture/,,HUB,0
https://eric-couvreur.fr/artisan/couvreur-rge-a-foret-sainte-croix-91150/,/travaux-de-couverture/,,HUB,0
https://eric-couvreur.fr/artisan/couvreur-rge-a-guibeville-91630/,/travaux-de-couverture/,,HUB,0
https://eric-couvreur.fr/artisan/couvreur-rge-a-chilly-mazarin-91380/,/travaux-de-couverture/,,HUB,0
https://eric-couvreur.fr/artisan/couvreur-rge-a-champmotteux-91150/,/travaux-de-couverture/,,HUB,6
https://eric-couvreur.fr/artisan/couvreur-rge-a-bouray-sur-juine-91850/,/travaux-de-couverture/,,HUB,0
https://eric-couvreur.fr/artisan/couvreur-rge-a-soisy-sur-ecole-91840/,/travaux-de-couverture/,,HUB,0
https://eric-couvreur.fr/artisan/couvreur-rge-a-souzy-la-briche-91580/,/travaux-de-couverture/,,HUB,0
https://eric-couvreur.fr/artisan/couvreur-rge-a-norville-91290/,/travaux-de-couverture/,,HUB,0
https://eric-couvreur.fr/artisan/couvreur-rge-a-epinay-sous-senart-91860/,/travaux-de-couverture/,,HUB,0
https://eric-couvreur.fr/artisan/couvreur-rge-a-brieres-les-scelles-91150/,/travaux-de-couverture/,,HUB,0
https://eric-couvreur.fr/artisan/couvreur-rge-a-nainville-les-roches-91750/,/travaux-de-couverture/,,HUB,7
https://eric-couvreur.fr/artisan/couvreur-rge-a-ulis-91940/,/travaux-de-couverture/,,HUB,0
https://eric-couvreur.fr/artisan/couvreur-rge-a-athis-mons-91200/,/travaux-de-couverture/,,HUB,0
https://eric-couvreur.fr/artisan/couvreur-rge-a-leuville-sur-orge-91310/,/travaux-de-couverture/,,HUB,0
https://eric-couvreur.fr/artisan/couvreur-rge-a-soisy-sur-seine-91450/,/travaux-de-couverture/,,HUB,0
https://eric-couvreur.fr/artisan/couvreur-rge-a-fontenay-les-briis-91640/,/travaux-de-couverture/,,HUB,0
https://eric-couvreur.fr/artisan/couvreur-rge-a-saint-cyr-la-riviere-91690/,/travaux-de-couverture/,,HUB,0
https://eric-couvreur.fr/artisan/couvreur-rge-a-lisses-91090/,/travaux-de-couverture/,,HUB,0
https://eric-couvreur.fr/artisan/couvreur-rge-a-baulne-91590/,/travaux-de-couverture/,,HUB,0
https://eric-couvreur.fr/artisan/couvreur-rge-a-briis-sous-forges-91640/,/travaux-de-couverture/,,HUB,0
https://eric-couvreur.fr/artisan/couvreur-rge-a-nozay-91620/,/travaux-de-couverture/,,HUB,0
https://eric-couvreur.fr/artisan/couvreur-rge-a-ormoy-la-riviere-91150/,/travaux-de-couverture/,,HUB,0
https://eric-couvreur.fr/artisan/couvreur-rge-a-champlan-91160/,/couvreur-champlan/,champlan,PRIORITAIRE,71
https://eric-couvreur.fr/artisan/couvreur-rge-a-roinvilliers-91150/,/travaux-de-couverture/,,HUB,0
https://eric-couvreur.fr/artisan/couvreur-rge-a-richarville-91410/,/travaux-de-couverture/,,HUB,0
https://eric-couvreur.fr/artisan/couvreur-rge-a-courson-monteloup-91680/,/travaux-de-couverture/,,HUB,0
https://eric-couvreur.fr/artisan/couvreur-rge-a-congerville-thionville-91740/,/travaux-de-couverture/,,HUB,3
https://eric-couvreur.fr/artisan/couvreur-rge-a-marcoussis-91460/,/travaux-de-couverture/,,HUB,0
https://eric-couvreur.fr/artisan/couvreur-rge-a-boullay-les-troux-91470/,/travaux-de-couverture/,,HUB,0
https://eric-couvreur.fr/artisan/couvreur-rge-a-foret-le-roi-91410/,/travaux-de-couverture/,,HUB,0
https://eric-couvreur.fr/artisan/couvreur-rge-a-vaugrigneuse-91640/,/travaux-de-couverture/,,HUB,0
https://eric-couvreur.fr/artisan/couvreur-rge-a-puiselet-le-marais-91150/,/travaux-de-couverture/,,HUB,0
https://eric-couvreur.fr/artisan/couvreur-rge-a-bois-herpin-91150/,/travaux-de-couverture/,,HUB,0
https://eric-couvreur.fr/artisan/couvreur-rge-a-orsay-91400/,/couvreur-orsay/,orsay,PRIORITAIRE,0
https://eric-couvreur.fr/artisan/couvreur-rge-a-tigery-91250/,/travaux-de-couverture/,,HUB,0
https://eric-couvreur.fr/artisan/couvreur-rge-a-fontenay-le-vicomte-91540/,/travaux-de-couverture/,,HUB,0
https://eric-couvreur.fr/artisan/couvreur-rge-a-massy-91300/,/travaux-de-couverture/,,HUB,1
https://eric-couvreur.fr/artisan/couvreur-rge-a-courcouronnes-91080/,/travaux-de-couverture/,,HUB,1
https://eric-couvreur.fr/artisan/couvreur-rge-a-boigneville-91720/,/travaux-de-couverture/,,HUB,0
https://eric-couvreur.fr/artisan/couvreur-rge-a-etrechy-91580/,/couvreur-etrechy/,etrechy,PRIORITAIRE,4
https://eric-couvreur.fr/artisan/couvreur-rge-a-authon-la-plaine-91410/,/travaux-de-couverture/,,HUB,0
https://eric-couvreur.fr/artisan/couvreur-rge-a-boissy-la-riviere-91690/,/travaux-de-couverture/,,HUB,1
https://eric-couvreur.fr/artisan/couvreur-rge-a-saintry-sur-seine-91250/,/travaux-de-couverture/,,HUB,33
https://eric-couvreur.fr/artisan/couvreur-rge-a-montlhery-91310/,/travaux-de-couverture/,,HUB,0
https://eric-couvreur.fr/artisan/couvreur-rge-a-fleury-merogis-91700/,/travaux-de-couverture/,,HUB,0
https://eric-couvreur.fr/artisan/couvreur-rge-a-saint-sulpice-de-favieres-91910/,/travaux-de-couverture/,,HUB,1
https://eric-couvreur.fr/artisan/couvreur-rge-a-varennes-jarcy-91480/,/travaux-de-couverture/,,HUB,0
https://eric-couvreur.fr/artisan/couvreur-rge-a-videlles-91890/,/travaux-de-couverture/,,HUB,3
https://eric-couvreur.fr/artisan/couvreur-rge-a-quincy-sous-senart-91480/,/travaux-de-couverture/,,HUB,0
https://eric-couvreur.fr/artisan/couvreur-rge-a-orveau-91590/,/travaux-de-couverture/,,HUB,0
https://eric-couvreur.fr/artisan/couvreur-rge-a-granges-le-roi-91410/,/travaux-de-couverture/,,HUB,0
https://eric-couvreur.fr/artisan/couvreur-rge-a-gometz-le-chatel-91940/,/travaux-de-couverture/,,HUB,0
https://eric-couvreur.fr/artisan/couvreur-rge-a-boutigny-sur-essonne-91820/,/travaux-de-couverture/,,HUB,0
https://eric-couvreur.fr/artisan/couvreur-rge-a-mereville-91660/,/couvreur-mereville/,mereville,PRIORITAIRE,52
https://eric-couvreur.fr/artisan/couvreur-rge-a-boutervilliers-91150/,/travaux-de-couverture/,,HUB,0
https://eric-couvreur.fr/artisan/couvreur-rge-a-mauchamps-91730/,/travaux-de-couverture/,,HUB,0
https://eric-couvreur.fr/artisan/couvreur-rge-a-igny-91430/,/couvreur-igny/,igny,PRIORITAIRE,198
https://eric-couvreur.fr/artisan/couvreur-rge-a-viry-chatillon-91170/,/travaux-de-couverture/,,HUB,0
https://eric-couvreur.fr/artisan/couvreur-rge-a-bouville-91880/,/travaux-de-couverture/,,HUB,1
https://eric-couvreur.fr/artisan/couvreur-rge-a-etampes-91150/,/travaux-de-couverture/,,HUB,0
https://eric-couvreur.fr/artisan/couvreur-rge-a-gometz-la-ville-91400/,/travaux-de-couverture/,,HUB,0
https://eric-couvreur.fr/artisan/couvreur-rge-a-arrancourt-91690/,/travaux-de-couverture/,,HUB,0
https://eric-couvreur.fr/artisan/couvreur-rge-a-bievres-91570/,/travaux-de-couverture/,,HUB,0
https://eric-couvreur.fr/artisan/couvreur-rge-a-d-huison-longueville-91590/,/travaux-de-couverture/,,HUB,0
https://eric-couvreur.fr/artisan/couvreur-rge-a-chatignonville-91410/,/travaux-de-couverture/,,HUB,0
https://eric-couvreur.fr/artisan/couvreur-rge-a-dannemois-91490/,/travaux-de-couverture/,,HUB,0
https://eric-couvreur.fr/artisan/couvreur-rge-a-chevannes-91750/,/travaux-de-couverture/,,HUB,7
https://eric-couvreur.fr/artisan/couvreur-rge-a-forges-les-bains-91470/,/travaux-de-couverture/,,HUB,0
https://eric-couvreur.fr/artisan/couvreur-rge-a-angerville-91670/,/travaux-de-couverture/,,HUB,0
https://eric-couvreur.fr/artisan/couvreur-rge-a-corbeil-essonnes-91100/,/couvreur-corbeil-essonnes/,corbeil-essonnes,PRIORITAIRE,0
https://eric-couvreur.fr/artisan/couvreur-rge-a-val-saint-germain-91530/,/travaux-de-couverture/,,HUB,6
https://eric-couvreur.fr/artisan/couvreur-rge-a-vayres-sur-essonne-91820/,/travaux-de-couverture/,,HUB,0
https://eric-couvreur.fr/artisan/couvreur-rge-a-abbeville-la-riviere-91150/,/travaux-de-couverture/,,HUB,0
https://eric-couvreur.fr/artisan/couvreur-rge-a-avrainville-91630/,/travaux-de-couverture/,,HUB,82
https://eric-couvreur.fr/artisan/couvreur-rge-a-ris-orangis-91000/,/travaux-de-couverture/,,HUB,0
https://eric-couvreur.fr/artisan/couvreur-rge-a-bures-sur-yvette-91440/,/travaux-de-couverture/,,HUB,45
https://eric-couvreur.fr/artisan/couvreur-rge-a-palaiseau-91120/,/couvreur-palaiseau/,palaiseau,PRIORITAIRE,203
https://eric-couvreur.fr/artisan/couvreur-rge-a-arpajon-91290/,/couvreur-arpajon/,arpajon,PRIORITAIRE,0
https://eric-couvreur.fr/artisan/couvreur-rge-a-guigneville-sur-essonne-91590/,/travaux-de-couverture/,,HUB,0
https://eric-couvreur.fr/artisan/couvreur-rge-a-epinay-sur-orge-91360/,/travaux-de-couverture/,,HUB,0
https://eric-couvreur.fr/artisan/couvreur-rge-a-blandy-91150/,/travaux-de-couverture/,,HUB,0
https://eric-couvreur.fr/artisan/couvreur-rge-a-boussy-saint-antoine-91800/,/travaux-de-couverture/,,HUB,1
https://eric-couvreur.fr/artisan/couvreur-rge-a-villabe-91100/,/travaux-de-couverture/,,HUB,0
https://eric-couvreur.fr/artisan/couvreur-rge-a-ville-du-bois-91620/,/couvreur-la-ville-du-bois/,la-ville-du-bois,PRIORITAIRE,0
https://eric-couvreur.fr/artisan/couvreur-rge-a-angervilliers-91470/,/travaux-de-couverture/,,HUB,34
https://eric-couvreur.fr/artisan/couvreur-rge-a-echarcon-91540/,/travaux-de-couverture/,,HUB,0
https://eric-couvreur.fr/artisan/couvreur-rge-a-ormoy-91540/,/travaux-de-couverture/,,HUB,0
https://eric-couvreur.fr/artisan/couvreur-rge-a-cerny-91590/,/travaux-de-couverture/,,HUB,0
https://eric-couvreur.fr/artisan/couvreur-rge-a-verrieres-le-buisson-91370/,/travaux-de-couverture/,,HUB,0
https://eric-couvreur.fr/artisan/couvreur-rge-a-boissy-le-cutte-91590/,/travaux-de-couverture/,,HUB,0
https://eric-couvreur.fr/artisan/couvreur-rge-a-crosne-91560/,/travaux-de-couverture/,,HUB,0
https://eric-couvreur.fr/artisan/couvreur-rge-a-moigny-sur-ecole-91490/,/travaux-de-couverture/,,HUB,5
https://eric-couvreur.fr/artisan/couvreur-rge-a-longpont-sur-orge-91310/,/travaux-de-couverture/,,HUB,1
https://eric-couvreur.fr/artisan/couvreur-rge-a-mondeville-91590/,/travaux-de-couverture/,,HUB,3
https://eric-couvreur.fr/artisan/couvreur-rge-a-saint-michel-sur-orge-91240/,/travaux-de-couverture/,,HUB,4
https://eric-couvreur.fr/artisan/couvreur-rge-a-ballainvilliers-91160/,/travaux-de-couverture/,,HUB,0
https://eric-couvreur.fr/artisan/couvreur-rge-a-villejust-91140/,/travaux-de-couverture/,,HUB,56
https://eric-couvreur.fr/artisan/couvreur-rge-a-saint-escobille-91410/,/travaux-de-couverture/,,HUB,0
https://eric-couvreur.fr/artisan/couvreur-rge-a-saint-pierre-du-perray-91280/,/travaux-de-couverture/,,HUB,0
https://eric-couvreur.fr/artisan/couvreur-rge-a-merobert-91780/,/travaux-de-couverture/,,HUB,2
https://eric-couvreur.fr/artisan/couvreur-rge-a-ballancourt-sur-essonne-91610/,/travaux-de-couverture/,,HUB,0
https://eric-couvreur.fr/artisan/couvreur-rge-a-maisse-91720/,/travaux-de-couverture/,,HUB,0
https://eric-couvreur.fr/artisan/couvreur-rge-a-chamarande-91730/,/travaux-de-couverture/,,HUB,0
https://eric-couvreur.fr/artisan/couvreur-rge-a-milly-la-foret-91490/,/couvreur-milly-la-foret/,milly-la-foret,PRIORITAIRE,0
https://eric-couvreur.fr/artisan/couvreur-rge-a-breux-jouy-91650/,/travaux-de-couverture/,,HUB,16
https://eric-couvreur.fr/artisan/couvreur-rge-a-plessis-pate-91220/,/travaux-de-couverture/,,HUB,6
https://eric-couvreur.fr/artisan/couvreur-rge-a-auvers-saint-georges-91580/,/travaux-de-couverture/,,HUB,36
https://eric-couvreur.fr/artisan/couvreur-rge-a-auvernaux-91830/,/travaux-de-couverture/,,HUB,0
https://eric-couvreur.fr/artisan/couvreur-rge-a-morsang-sur-seine-91250/,/travaux-de-couverture/,,HUB,0
https://eric-couvreur.fr/artisan/couvreur-rge-a-vigneux-sur-seine-91270/,/travaux-de-couverture/,,HUB,0
https://eric-couvreur.fr/artisan/couvreur-rge-a-champcueil-91750/,/travaux-de-couverture/,,HUB,0
https://eric-couvreur.fr/artisan/couvreur-rge-a-janvry-91640/,/travaux-de-couverture/,,HUB,7
https://eric-couvreur.fr/artisan/couvreur-rge-a-brunoy-91800/,/travaux-de-couverture/,,HUB,23
https://eric-couvreur.fr/artisan/couvreur-rge-a-boissy-sous-saint-yon-91790/,/travaux-de-couverture/,,HUB,15
https://eric-couvreur.fr/artisan/couvreur-rge-a-villebon-sur-yvette-91940/,/travaux-de-couverture/,,HUB,0
https://eric-couvreur.fr/artisan/couvreur-rge-a-monnerville-91930/,/travaux-de-couverture/,,HUB,0
https://eric-couvreur.fr/artisan/couvreur-rge-a-gironville-sur-essonne-91720/,/travaux-de-couverture/,,HUB,0
https://eric-couvreur.fr/artisan/couvreur-rge-a-saint-hilaire-91780/,/travaux-de-couverture/,,HUB,0
https://eric-couvreur.fr/artisan/couvreur-rge-a-evry-91090/,/couvreur-evry/,evry,PRIORITAIRE,1
https://eric-couvreur.fr/artisan/couvreur-rge-a-leudeville-91630/,/travaux-de-couverture/,,HUB,0
https://eric-couvreur.fr/artisan/couvreur-rge-a-valpuiseaux-91720/,/travaux-de-couverture/,,HUB,0
https://eric-couvreur.fr/artisan/couvreur-rge-a-dourdan-91410/,/travaux-de-couverture/,,HUB,0
https://eric-couvreur.fr/artisan/couvreur-rge-a-estouches-91660/,/travaux-de-couverture/,,HUB,0
https://eric-couvreur.fr/artisan/couvreur-rge-a-draveil-91210/,/couvreur-draveil/,draveil,PRIORITAIRE,61
https://eric-couvreur.fr/artisan/couvreur-rge-a-marolles-en-beauce-91150/,/travaux-de-couverture/,,HUB,6
https://eric-couvreur.fr/artisan/couvreur-rge-a-mennecy-91540/,/travaux-de-couverture/,,HUB,7
https://eric-couvreur.fr/artisan/couvreur-rge-a-grigny-91350/,/travaux-de-couverture/,,HUB,0
https://eric-couvreur.fr/artisan/couvreur-rge-a-vert-le-petit-91710/,/travaux-de-couverture/,,HUB,0
https://eric-couvreur.fr/artisan/couvreur-rge-a-oncy-sur-ecole-91490/,/travaux-de-couverture/,,HUB,1
https://eric-couvreur.fr/artisan/couvreur-rge-a-guillerval-91690/,/travaux-de-couverture/,,HUB,1
https://eric-couvreur.fr/artisan/couvreur-rge-a-wissous-91320/,/couvreur-wissous/,wissous,PRIORITAIRE,0
https://eric-couvreur.fr/couvreur-91/,/travaux-de-couverture/,,301,0
https://eric-couvreur.fr/installateur-velux/,/installateur-de-velux-91/,,301,0
